vocab_id,kanji,kana,jlpt_level
1,時間,じかん,N5
2,会社,かいしゃ,N5
3,電話,でんわ,N5
4,今日,きょう,N5
5,写真,しゃしん,N5
6,全部,ぜんぶ,N5
7,大学,だいがく,N5
8,文章,ぶんしょう,N5
9,問題,もんだい,N5
10,旅行,りょこう,N5
11,家庭,かてい,N5
12,学校,がっこう,N5
13,質問,しつもん,N5
14,番号,ばんごう,N5
15,今年,ことし,N5
16,結婚,けっこん,N5
17,自分,じぶん,N5
18,新聞,しんぶん,N5
19,仕事,しごと,N5
20,学生,がくせい,N5
21,一つ,ひとつ,N5
22,名前,なまえ,N5
23,先生,せんせい,N5
24,一人,ひとり,N5
25,映画,えいが,N5
26,,ページ,N5
27,,スポーツ,N5
28,,これ,N5
29,後ろ,うしろ,N5
30,料理,りょうり,N5
31,家族,かぞく,N5
32,,みんな,N5
33,毎日,まいにち,N5
34,意味,いみ,N5
35,音楽,おんがく,N5
36,買い物,かいもの,N5
37,時計,とけい,N5
38,国,くに,N5
39,手,て,N5
40,後,あと,N5
41,私,わたし,N5
42,道,みち,N5
43,木,き,N5
44,年,とし,N5
45,何,なに,N5
46,海,うみ,N5
47,花,はな,N5
48,色,いろ,N5
49,少し,すこし,N5
50,銀行,ぎんこう,N5
51,自動車,じどうしゃ,N5
52,部屋,へや,N5
53,子供,こども,N5
54,黒,くろ,N5
55,北,きた,N5
56,西,にし,N5
57,二人,ふたり,N5
58,南,みなみ,N5
59,下,した,N5
60,今,いま,N5
61,電気,でんき,N5
62,一緒,いっしょ,N5
63,,ニュース,N5
64,足,あし,N5
65,声,こえ,N5
66,庭,にわ,N5
67,友達,ともだち,N5
68,青,あお,N5
69,言葉,ことば,N5
70,地図,ちず,N5
71,自転車,じてんしゃ,N5
72,女の子,おんなのこ,N5
73,町,まち,N5
74,夜,よる,N5
75,,ここ,N5
76,春,はる,N5
77,英語,えいご,N5
78,話,はなし,N5
79,,それ,N5
80,箱,はこ,N5
81,病院,びょういん,N5
82,半,はん,N5
83,雑誌,ざっし,N5
84,明日,あした,N5
85,机,つくえ,N5
86,動物,どうぶつ,N5
87,外国,がいこく,N5
88,同じ,おなじ,N5
89,財布,さいふ,N5
90,大切,たいせつ,N5
91,服,ふく,N5
92,教室,きょうしつ,N5
93,公園,こうえん,N5
94,右,みぎ,N5
95,有名,ゆうめい,N5
96,歌,うた,N5
97,村,むら,N5
98,好き,すき,N5
99,医者,いしゃ,N5
100,靴,くつ,N5
101,昨日,きのう,N5
102,,いちばん,N5
103,玄関,げんかん,N5
104,兄弟,きょうだい,N5
105,,あなた,N5
106,秋,あき,N5
107,犬,いぬ,N5
108,練習,れんしゅう,N5
109,勉強,べんきょう,N5
110,雨,あめ,N5
111,雪,ゆき,N5
112,お金,おかね,N5
113,,たて,N5
114,出口,でぐち,N5
115,川,かわ,N5
116,,いつ,N5
117,午後,ごご,N5
118,角,かど,N5
119,肉,にく,N5
120,,かぎ,N5
121,始め,はじめ,N5
122,,あまり,N5
123,駅,えき,N5
124,大人,おとな,N5
125,横,よこ,N5
126,天気,てんき,N5
127,,カメラ,N5
128,,ほか,N5
129,,テレビ,N5
130,去年,きょねん,N5
131,電車,でんしゃ,N5
132,今月,こんげつ,N5
133,午前,ごぜん,N5
134,朝,あさ,N5
135,,たいへん,N5
136,元気,げんき,N5
137,河,かわ,N5
138,野菜,やさい,N5
139,,テーブル,N5
140,,あれ,N5
141,病気,びょうき,N5
142,男の子,おとこのこ,N5
143,結構,けっこう,N5
144,交番,こうばん,N5
145,一日,ついたち,N5
146,一日,いちにち,N5
147,,ペット,N5
148,,そば,N5
149,建物,たてもの,N5
150,休み,やすみ,N5
151,,シャツ,N5
152,紙,かみ,N5
153,来年,らいねん,N5
154,帽子,ぼうし,N5
155,上手,じょうず,N5
156,外国人,がいこくじん,N5
157,冬,ふゆ,N5
158,掃除,そうじ,N5
159,皆さん,みなさん,N5
160,,かばん,N5
161,,ほんとう,N5
162,今週,こんしゅう,N5
163,,コート,N5
164,食べ物,たべもの,N5
165,図書館,としょかん,N5
166,黄色,きいろ,N5
167,洗濯,せんたく,N5
168,初め,はじめ,N5
169,妹,いもうと,N5
170,窓,まど,N5
171,授業,じゅぎょう,N5
172,誰,だれ,N5
173,耳,みみ,N5
174,飛行機,ひこうき,N5
175,毎年,まいとし,N5
176,洋服,ようふく,N5
177,階段,かいだん,N5
178,,ボタン,N5
179,緑,みどり,N5
180,生徒,せいと,N5
181,お茶,おちゃ,N5
182,二日,ふつか,N5
183,両親,りょうしん,N5
184,,こちら,N5
185,毎週,まいしゅう,N5
186,魚,さかな,N5
187,お母さん,おかあさん,N5
188,時々,ときどき,N5
189,手紙,てがみ,N5
190,門,もん,N5
191,夏休み,なつやすみ,N5
192,絵,え,N5
193,先月,せんげつ,N5
194,十日,とおか,N5
195,毎月,まいつき,N5
196,七日,なのか,N5
197,台所,だいどころ,N5
198,作文,さくぶん,N5
199,九日,ここのか,N5
200,来月,らいげつ,N5
201,果物,くだもの,N5
202,八日,ようか,N5
203,眼鏡,めがね,N5
204,地下鉄,ちかてつ,N5
205,夕方,ゆうがた,N5
206,,ゼロ,N5
207,戸,と,N5
208,,たくさん,N5
209,冷蔵庫,れいぞうこ,N5
210,,いす,N5
211,大勢,おおぜい,N5
212,嫌い,きらい,N5
213,留学生,りゅうがくせい,N5
214,お父さん,おとうさん,N5
215,牛肉,ぎゅうにく,N5
216,,バス,N5
217,鳥,とり,N5
218,先週,せんしゅう,N5
219,橋,はし,N5
220,,ベッド,N5
221,茶色,ちゃいろ,N5
222,池,いけ,N5
223,来週,らいしゅう,N5
224,大使館,たいしかん,N5
225,警官,けいかん,N5
226,昼,ひる,N5
227,散歩,さんぽ,N5
228,人,にん,N5
229,本,ほん,N5
230,中,なか,N5
231,上,うえ,N5
232,漢字,かんじ,N5
233,弟,おとうと,N5
234,女,おんな,N5
235,,ポケット,N5
236,前,まえ,N5
237,方,かた,N5
238,目,め,N5
239,物,もの,N5
240,辞書,じしょ,N5
241,荷物,にもつ,N5
242,男,おとこ,N5
243,所,ところ,N5
244,先,さき,N5
245,晴れ,はれ,N5
246,一昨年,おととし,N5
247,水,すい,N5
248,薬,くすり,N5
249,頭,あたま,N5
250,万,まん,N5
251,白,はく,N5
252,,はし,N5
253,車,くるま,N5
254,店,みせ,N5
255,郵便局,ゆうびんきょく,N5
256,嫌,いや,N5
257,下手,へた,N5
258,,いつも,N5
259,,コーヒー,N5
260,姉,あね,N5
261,,ホテル,N5
262,切手,きって,N5
263,夏,なつ,N5
264,,そふ,N5
265,隣,となり,N5
266,山,やま,N5
267,映画館,えいがかん,N5
268,牛乳,ぎゅうにゅう,N5
269,風邪,かぜ,N5
270,鼻,はな,N5
271,交差点,こうさてん,N5
272,砂糖,さとう,N5
273,上着,うわぎ,N5
274,歯,は,N5
275,卵,たまご,N5
276,向こう,むこう,N5
277,塩,しお,N5
278,,パン,N5
279,廊下,ろうか,N5
280,紅茶,こうちゃ,N5
281,,パーティー,N5
282,,ふろ,N5
283,喫茶店,きっさてん,N5
284,毎朝,まいあさ,N5
285,体,たい,N5
286,口,こう,N5
287,風,かぜ,N5
288,宿題,しゅくだい,N5
289,封筒,ふうとう,N5
290,飲み物,のみもの,N5
291,昨夜,ゆうべ,N5
292,晩,ばん,N5
293,今朝,けさ,N5
294,鉛筆,えんぴつ,N5
295,傘,かさ,N5
296,辺,へん,N5
297,火曜日,かようび,N5
298,背広,せびろ,N5
299,赤,あか,N5
300,,カップ,N5
301,,いろいろ,N5
302,,カレンダー,N5
303,誕生日,たんじょうび,N5
304,靴下,くつした,N5
305,とり肉,とりにく,N5
306,,クラス,N5
307,万年筆,まんねんひつ,N5
308,切符,きっぷ,N5
309,,トイレ,N5
310,,スカート,N5
311,,ノート,N5
312,,そこ,N5
313,空,そら,N5
314,近く,ちかく,N5
315,,おじ,N5
316,本棚,ほんだな,N5
317,,ちゃわん,N5
318,暇,ひま,N5
319,毎晩,まいばん,N5
320,豚肉,ぶたにく,N5
321,左,ひだり,N5
322,,どこ,N5
323,,どちら,N5
324,,レストラン,N5
325,,テープ,N5
326,さ来年,さらいねん,N5
327,,しょうゆ,N5
328,,ドア,N5
329,,フィルム,N5
330,,あっち,N5
331,,ポスト,N5
332,曇り,くもり,N5
333,三日,みっか,N5
334,,あちら,N5
335,猫,ねこ,N5
336,東,ひがし,N5
337,,どっち,N5
338,灰皿,はいざら,N5
339,八百屋,やおや,N5
340,,ラジオ,N5
341,,せっけん,N5
342,兄,あに,N5
343,,シャワー,N5
344,,テスト,N5
345,,ペン,N5
346,零,れい,N5
347,五日,いつか,N5
348,二十日,はつか,N5
349,,どれ,N5
350,,コピー,N5
351,,いくら,N5
352,,グラム,N5
353,入口,いりぐち,N5
354,,セーター,N5
355,背,せ,N5
356,,たばこ,N5
357,四日,よっか,N5
358,,ネクタイ,N5
359,今晩,こんばん,N5
360,二十歳,はたち,N5
361,六日,むいか,N5
362,,プール,N5
363,,ギター,N5
364,,だんだん,N5
365,,ゆっくり,N5
366,,カレー,N5
367,,ボールペン,N5
368,,ナイフ,N5
369,,そっち,N5
370,,フォーク,N5
371,食堂,しょくどう,N5
372,,ズボン,N5
373,,キロ,N5
374,,スリッパ,N5
375,,メートル,N5
376,一月,ひとつき,N5
377,,マッチ,N5
378,,タクシー,N5
379,,アパート,N5
380,,そちら,N5
381,,レコード,N5
382,日曜日,にちようび,N5
383,お酒,おさけ,N5
384,半分,はんぶん,N5
385,お風呂,おふろ,N5
386,お姉さん,おねえさん,N5
387,お弁当,おべんとう,N5
388,,コップ,N5
389,,バター,N5
390,,ハンカチ,N5
391,,スプーン,N5
392,一昨日,おととい,N5
393,,こっち,N5
394,,あめ,N5
395,,おまわりさん,N5
396,,ストーブ,N5
397,,おなか,N5
398,,エレベーター,N5
399,土曜日,どようび,N5
400,,あそこ,N5
401,夕飯,ゆうはん,N5
402,,デパート,N5
403,,どなた,N5
404,奥さん,おくさん,N5
405,,ワイシャツ,N5
406,月曜日,げつようび,N5
407,お菓子,おかし,N5
408,金曜日,きんようび,N5
409,,おばあさん,N5
410,,まっすぐ,N5
411,御飯,ごはん,N5
412,水曜日,すいようび,N5
413,,テープレコーダー,N5
414,木曜日,もくようび,N5
415,葉書,はがき,N5
416,,あさって,N5
417,,ラジカセ,N5
418,花瓶,かびん,N5
419,,キログラム,N5
420,お兄さん,おにいさん,N5
421,,キロメートル,N5
422,,ラジオカセット,N5
423,お皿,おさら,N5
424,晩御飯,ばんごはん,N5
425,叔父,おじ,N5
426,昼御飯,ひるごはん,N5
427,朝御飯,あさごはん,N5
428,お手洗い,おてあらい,N5
429,叔母さん,おばさん,N5
430,伯母さん,おばさん,N5
431,字引,じびき,N5
432,女性,じょせい,N4
433,男性,だんせい,N4
434,文化,ぶんか,N4
435,最近,さいきん,N4
436,世界,せかい,N4
437,安全,あんぜん,N4
438,生活,せいかつ,N4
439,必要,ひつよう,N4
440,教育,きょういく,N4
441,説明,せつめい,N4
442,利用,りよう,N4
443,社会,しゃかい,N4
444,研究,けんきゅう,N4
445,以下,いか,N4
446,原因,げんいん,N4
447,中学校,ちゅうがっこう,N4
448,注意,ちゅうい,N4
449,場合,ばあい,N4
450,紹介,しょうかい,N4
451,以上,いじょう,N4
452,小学校,しょうがっこう,N4
453,安心,あんしん,N4
454,交通,こうつう,N4
455,連絡,れんらく,N4
456,特別,とくべつ,N4
457,簡単,かんたん,N4
458,予約,よやく,N4
459,自由,じゆう,N4
460,生産,せいさん,N4
461,,うち,N4
462,法律,ほうりつ,N4
463,最後,さいご,N4
464,予定,よてい,N4
465,技術,ぎじゅつ,N4
466,場所,ばしょ,N4
467,工業,こうぎょう,N4
468,十分,じゅうぶん,N4
469,理由,りゆう,N4
470,,タイプ,N4
471,,プレゼント,N4
472,,パソコン,N4
473,関係,かんけい,N4
474,科学,かがく,N4
475,以内,いない,N4
476,子,こ,N4
477,光,ひかり,N4
478,漫画,まんが,N4
479,日,ひ,N4
480,以外,いがい,N4
481,時代,じだい,N4
482,火,ひ,N4
483,,おもちゃ,N4
484,食料品,しょくりょうひん,N4
485,国際,こくさい,N4
486,形,かたち,N4
487,点,てん,N4
488,表,おもて,N4
489,星,ほし,N4
490,首,くび,N4
491,高校,こうこう,N4
492,意見,いけん,N4
493,政治,せいじ,N4
494,最初,さいしょ,N4
495,楽しみ,たのしみ,N4
496,気,き,N4
497,日記,にっき,N4
498,引き出し,ひきだし,N4
499,為,ため,N4
500,産業,さんぎょう,N4
501,一度,いちど,N4
502,倍,ばい,N4
503,間,あいだ,N4
504,住所,じゅうしょ,N4
505,,チェック,N4
506,気持ち,きもち,N4
507,警察,けいさつ,N4
508,事務所,じむしょ,N4
509,妻,つま,N4
510,事故,じこ,N4
511,彼女,かのじょ,N4
512,客,きゃく,N4
513,歴史,れきし,N4
514,経済,けいざい,N4
515,入学,にゅうがく,N4
516,道具,どうぐ,N4
517,用意,ようい,N4
518,林,はやし,N4
519,番組,ばんぐみ,N4
520,受付,うけつけ,N4
521,会議,かいぎ,N4
522,趣味,しゅみ,N4
523,音,おと,N4
524,地震,じしん,N4
525,工場,こうじょう,N4
526,市民,しみん,N4
527,卒業,そつぎょう,N4
528,味,あじ,N4
529,線,せん,N4
530,文学,ぶんがく,N4
531,季節,きせつ,N4
532,息子,むすこ,N4
533,終わり,おわり,N4
534,森,もり,N4
535,医学,いがく,N4
536,指,ゆび,N4
537,会場,かいじょう,N4
538,,いっぱい,N4
539,社長,しゃちょう,N4
540,空気,くうき,N4
541,将来,しょうらい,N4
542,,ソフト,N4
543,,あかちゃん,N4
544,港,みなと,N4
545,確か,たしか,N4
546,人口,じんこう,N4
547,途中,とちゅう,N4
548,人形,にんぎょう,N4
549,気分,きぶん,N4
550,布団,ふとん,N4
551,失敗,しっぱい,N4
552,興味,きょうみ,N4
553,小説,しょうせつ,N4
554,夢,ゆめ,N4
555,娘,むすめ,N4
556,周り,まわり,N4
557,大事,だいじ,N4
558,遊び,あそび,N4
559,試験,しけん,N4
560,,アクセサリー,N4
561,機会,きかい,N4
562,夫,おっと,N4
563,無理,むり,N4
564,毛,け,N4
565,血,ち,N4
566,高校生,こうこうせい,N4
567,今度,こんど,N4
568,代わり,かわり,N4
569,仕方,しかた,N4
570,都合,つごう,N4
571,皆,みな,N4
572,残念,ざんねん,N4
573,危険,きけん,N4
574,空港,くうこう,N4
575,熱,ねつ,N4
576,裏,うら,N4
577,美術館,びじゅつかん,N4
578,贈り物,おくりもの,N4
579,試合,しあい,N4
580,壁,かべ,N4
581,戦争,せんそう,N4
582,駐車場,ちゅうしゃじょう,N4
583,親,おや,N4
584,島,しま,N4
585,草,くさ,N4
586,会話,かいわ,N4
587,反対,はんたい,N4
588,故障,こしょう,N4
589,旅館,りょかん,N4
590,部長,ぶちょう,N4
591,具合,ぐあい,N4
592,神社,じんじゃ,N4
593,着物,きもの,N4
594,台風,たいふう,N4
595,翻訳,ほんやく,N4
596,約束,やくそく,N4
597,数学,すうがく,N4
598,,ねだん,N4
599,近所,きんじょ,N4
600,地理,ちり,N4
601,帰り,かえり,N4
602,答,こたえ,N4
603,棚,たな,N4
604,水道,すいどう,N4
605,習慣,しゅうかん,N4
606,先輩,せんぱい,N4
607,入院,にゅういん,N4
608,下着,したぎ,N4
609,海岸,かいがん,N4
610,貿易,ぼうえき,N4
611,寺,てら,N4
612,割合,わりあい,N4
613,新聞社,しんぶんしゃ,N4
614,校長,こうちょう,N4
615,教会,きょうかい,N4
616,店員,てんいん,N4
617,競争,きょうそう,N4
618,両方,りょうほう,N4
619,葉,は,N4
620,席,せき,N4
621,,ガラス,N4
622,背中,せなか,N4
623,公務員,こうむいん,N4
624,丁寧,ていねい,N4
625,昔,むかし,N4
626,僕,ぼく,N4
627,砂,すな,N4
628,舟,ふね,N4
629,規則,きそく,N4
630,返事,へんじ,N4
631,指輪,ゆびわ,N4
632,,スーツ,N4
633,西洋,せいよう,N4
634,湖,みずうみ,N4
635,隅,すみ,N4
636,課長,かちょう,N4
637,適当,てきとう,N4
638,運転手,うんてんしゅ,N4
639,鏡,かがみ,N4
640,辞典,じてん,N4
641,動物園,どうぶつえん,N4
642,心,こころ,N4
643,力,ちから,N4
644,用,よう,N4
645,腕,うで,N4
646,雲,くも,N4
647,市,し,N4
648,売り場,うりば,N4
649,会議室,かいぎしつ,N4
650,注射,ちゅうしゃ,N4
651,都,と,N4
652,米,こめ,N4
653,大体,だいたい,N4
654,字,じ,N4
655,髪,かみ,N4
656,暖房,だんぼう,N4
657,湯,ゆ,N4
658,真中,まんなか,N4
659,虫,むし,N4
660,田舎,いなか,N4
661,,アジア,N4
662,研究室,けんきゅうしつ,N4
663,水泳,すいえい,N4
664,特急,とっきゅう,N4
665,柔道,じゅうどう,N4
666,昼間,ひるま,N4
667,別,べつ,N4
668,景色,けしき,N4
669,屋上,おくじょう,N4
670,講義,こうぎ,N4
671,手袋,てぶくろ,N4
672,変,へん,N4
673,一生懸命,いっしょうけんめい,N4
674,畳,たたみ,N4
675,親切,しんせつ,N4
676,枝,えだ,N4
677,花見,はなみ,N4
678,踊り,おどり,N4
679,祖父,そふ,N4
680,郊外,こうがい,N4
681,祖母,そぼ,N4
682,留守,るす,N4
683,ご存じ,ごぞんじ,N4
684,汽車,きしゃ,N4
685,糸,いと,N4
686,今夜,こんや,N4
687,高等学校,こうとうがっこう,N4
688,品物,しなもの,N4
689,火事,かじ,N4
690,冷房,れいぼう,N4
691,消しゴム,けしゴム,N4
692,,これから,N4
693,二階建て,にかいだて,N4
694,坂,さか,N4
695,退院,たいいん,N4
696,展覧会,てんらんかい,N4
697,講堂,こうどう,N4
698,電報,でんぽう,N4
699,,ガス,N4
700,乗り物,のりもの,N4
701,見物,けんぶつ,N4
702,発音,はつおん,N4
703,訳,わけ,N4
704,遠慮,えんりょ,N4
705,飛行場,ひこうじょう,N4
706,急行,きゅうこう,N4
707,小鳥,ことり,N4
708,君,きみ,N4
709,不便,ふべん,N4
710,,アメリカ,N4
711,文法,ぶんぽう,N4
712,泥棒,どろぼう,N4
713,赤ん坊,あかんぼう,N4
714,お土産,おみやげ,N4
715,,ほとんど,N4
716,家内,かない,N4
717,下宿,げしゅく,N4
718,,たいてい,N4
719,昼休み,ひるやすみ,N4
720,大学生,だいがくせい,N4
721,,つもり,N4
722,,ビル,N4
723,絹,きぬ,N4
724,,スクリーン,N4
725,用事,ようじ,N4
726,電灯,でんとう,N4
727,,カーテン,N4
728,,ピアノ,N4
729,石,いし,N4
730,,サンダル,N4
731,,ケーキ,N4
732,,レポート,N4
733,木綿,もめん,N4
734,お嬢さん,おじょうさん,N4
735,歯医者,はいしゃ,N4
736,,はず,N4
737,,テニス,N4
738,君,くん,N4
739,お祝い,おいわい,N4
740,拝見,はいけん,N4
741,,ハンドバッグ,N4
742,,ベル,N4
743,,おかげ,N4
744,,パート,N4
745,,リポート,N4
746,,コンピューター,N4
747,,アルバイト,N4
748,味噌,みそ,N4
749,,スーツケース,N4
750,,テキスト,N4
751,,けんか,N4
752,,コンサート,N4
753,忘れ物,わすれもの,N4
754,,ガソリン,N4
755,,ぶどう,N4
756,お見舞い,おみまい,N4
757,復習,ふくしゅう,N4
758,,アルコール,N4
759,予習,よしゅう,N4
760,,サラダ,N4
761,彼,かれ,N4
762,,オートバイ,N4
763,お礼,おれい,N4
764,,ステーキ,N4
765,,レジ,N4
766,,ガソリンスタンド,N4
767,,さっき,N4
768,,ステレオ,N4
769,,アナウンサー,N4
770,,ジャム,N4
771,,ファックス,N4
772,,アフリカ,N4
773,,サンドイッチ,N4
774,お祭り,おまつり,N4
775,遠く,とおく,N4
776,,ヒゲ,N4
777,,ワープロ,N4
778,,すり,N4
779,,ごちそう,N4
780,,このごろ,N4
781,天気予報,てんきよほう,N4
782,さ来月,さらいげつ,N4
783,看護師,かんごし,N4
784,お金持ち,おかねもち,N4
785,,エスカレーター,N4
786,,おつり,N4
787,押し入れ,おしいれ,N4
788,,このあいだ,N4
789,お宅,おたく,N4
790,,とこや,N4
791,御主人,ごしゅじん,N4
792,さ来週,さらいしゅう,N4
793,寝坊,ねぼう,N4
794,泳ぎ方,およぎかた,N4
795,人気,にんき,N3
796,中心,ちゅうしん,N3
797,方法,ほうほう,N3
798,全国,ぜんこく,N3
799,関連,かんれん,N3
800,情報,じょうほう,N3
801,海外,かいがい,N3
802,記事,きじ,N3
803,機能,きのう,N3
804,現在,げんざい,N3
805,部分,ぶぶん,N3
806,可能,かのう,N3
807,内容,ないよう,N3
808,使用,しよう,N3
809,基本,きほん,N3
810,価格,かかく,N3
811,商品,しょうひん,N3
812,無料,むりょう,N3
813,地域,ちいき,N3
814,個人,こじん,N3
815,定期,ていき,N3
816,管理,かんり,N3
817,確認,かくにん,N3
818,一般,いっぱん,N3
819,期間,きかん,N3
820,健康,けんこう,N3
821,代金,だいきん,N3
822,位置,いち,N3
823,販売,はんばい,N3
824,注文,ちゅうもん,N3
825,交換,こうかん,N3
826,投票,とうひょう,N3
827,希望,きぼう,N3
828,重要,じゅうよう,N3
829,作品,さくひん,N3
830,需要,じゅよう,N3
831,自然,しぜん,N3
832,結果,けっか,N3
833,保証,ほしょう,N3
834,条件,じょうけん,N3
835,非常,ひじょう,N3
836,代表,だいひょう,N3
837,完全,かんぜん,N3
838,活動,かつどう,N3
839,完成,かんせい,N3
840,最高,さいこう,N3
841,助手,じょしゅ,N3
842,文字,もじ,N3
843,直接,ちょくせつ,N3
844,不可,ふか,N3
845,地方,ちほう,N3
846,中古,ちゅうこ,N3
847,女子,じょし,N3
848,営業,えいぎょう,N3
849,参考,さんこう,N3
850,日本,にほん,N3
851,選択,せんたく,N3
852,案内,あんない,N3
853,参加,さんか,N3
854,主要,しゅよう,N3
855,身体,からだ,N3
856,多少,たしょう,N3
857,成功,せいこう,N3
858,対象,たいしょう,N3
859,変更,へんこう,N3
860,環境,かんきょう,N3
861,輸入,ゆにゅう,N3
862,開始,かいし,N3
863,企業,きぎょう,N3
864,電子,でんし,N3
865,製品,せいひん,N3
866,会員,かいいん,N3
867,要求,ようきゅう,N3
868,人生,じんせい,N3
869,作業,さぎょう,N3
870,少女,しょうじょ,N3
871,存在,そんざい,N3
872,家具,かぐ,N3
873,国家,こっか,N3
874,自動,じどう,N3
875,食品,しょくひん,N3
876,中央,ちゅうおう,N3
877,感じ,かんじ,N3
878,状況,じょうきょう,N3
879,記念,きねん,N3
880,政府,せいふ,N3
881,分析,ぶんせき,N3
882,天然,てんねん,N3
883,市場,いちば,N3
884,通信,つうしん,N3
885,状態,じょうたい,N3
886,誕生,たんじょう,N3
887,能力,のうりょく,N3
888,程度,ていど,N3
889,地区,ちく,N3
890,相談,そうだん,N3
891,注目,ちゅうもく,N3
892,目的,もくてき,N3
893,考え,かんがえ,N3
894,広告,こうこく,N3
895,事務,じむ,N3
896,,セット,N3
897,,トップ,N3
898,,カード,N3
899,,サービス,N3
900,話題,わだい,N3
901,,ケース,N3
902,,バッグ,N3
903,祝い,いわい,N3
904,操作,そうさ,N3
905,体育,たいいく,N3
906,違い,ちがい,N3
907,事件,じけん,N3
908,種類,しゅるい,N3
909,男子,だんし,N3
910,消費,しょうひ,N3
911,評価,ひょうか,N3
912,設計,せっけい,N3
913,未来,みらい,N3
914,左右,さゆう,N3
915,人物,じんぶつ,N3
916,住宅,じゅうたく,N3
917,以前,いぜん,N3
918,理解,りかい,N3
919,精神,せいしん,N3
920,保存,ほぞん,N3
921,材料,ざいりょう,N3
922,代理,だいり,N3
923,事情,じじょう,N3
924,運動,うんどう,N3
925,過去,かこ,N3
926,名,な,N3
927,期待,きたい,N3
928,数,かず,N3
929,台,だい,N3
930,日常,にちじょう,N3
931,正式,せいしき,N3
932,実際,じっさい,N3
933,大家,おおや,N3
934,地,ち,N3
935,今回,こんかい,N3
936,出版,しゅっぱん,N3
937,時,とき,N3
938,都,みやこ,N3
939,魅力,みりょく,N3
940,他,た,N3
941,神,かみ,N3
942,金融,きんゆう,N3
943,一番,いちばん,N3
944,方向,ほうこう,N3
945,都市,とし,N3
946,決定,けってい,N3
947,能,のう,N3
948,円,えん,N3
949,元,もと,N3
950,土,つち,N3
951,比較,ひかく,N3
952,報告,ほうこく,N3
953,料金,りょうきん,N3
954,相当,そうとう,N3
955,王,おう,N3
956,型,かた,N3
957,幅,はば,N3
958,発表,はっぴょう,N3
959,容易,ようい,N3
960,禁止,きんし,N3
961,事,こと,N3
962,香り,かおり,N3
963,内,うち,N3
964,正,せい,N3
965,効果,こうか,N3
966,大会,たいかい,N3
967,友情,ゆうじょう,N3
968,可,か,N3
969,共同,きょうどう,N3
970,自身,じしん,N3
971,製造,せいぞう,N3
972,全体,ぜんたい,N3
973,最終,さいしゅう,N3
974,特徴,とくちょう,N3
975,街,まち,N3
976,回,かい,N3
977,努力,どりょく,N3
978,生命,せいめい,N3
979,人間,にんげん,N3
980,少年,しょうねん,N3
981,明かり,あかり,N3
982,流行,りゅうこう,N3
983,制度,せいど,N3
984,身,み,N3
985,支払,しはらい,N3
986,移動,いどう,N3
987,永久,えいきゅう,N3
988,城,しろ,N3
989,郵便,ゆうびん,N3
990,板,いた,N3
991,才能,さいのう,N3
992,処理,しょり,N3
993,解決,かいけつ,N3
994,方,ほう,N3
995,影響,えいきょう,N3
996,心理,しんり,N3
997,放送,ほうそう,N3
998,高速,こうそく,N3
999,暮らし,くらし,N3
1000,行動,こうどう,N3
1001,,ホーム,N3
1002,改善,かいぜん,N3
1003,逆,ぎゃく,N3
1004,成人,せいじん,N3
1005,平均,へいきん,N3
1006,宿泊,しゅくはく,N3
1007,同時,どうじ,N3
1008,単位,たんい,N3
1009,表面,ひょうめん,N3
1010,独り,ひとり,N3
1011,実現,じつげん,N3
1012,愛,あい,N3
1013,責任,せきにん,N3
1014,組,くみ,N3
1015,灯,ひ,N3
1016,金属,きんぞく,N3
1017,本人,ほんにん,N3
1018,表情,ひょうじょう,N3
1019,一家,いっか,N3
1020,医療,いりょう,N3
1021,判断,はんだん,N3
1022,数字,すうじ,N3
1023,整理,せいり,N3
1024,段,だん,N3
1025,植物,しょくぶつ,N3
1026,秘密,ひみつ,N3
1027,,プロ,N3
1028,,コード,N3
1029,印象,いんしょう,N3
1030,具体,ぐたい,N3
1031,設備,せつび,N3
1032,意思,いし,N3
1033,提出,ていしゅつ,N3
1034,青年,せいねん,N3
1035,以来,いらい,N3
1036,最低,さいてい,N3
1037,速度,そくど,N3
1038,便,びん,N3
1039,調査,ちょうさ,N3
1040,時期,じき,N3
1041,不足,ふそく,N3
1042,独立,どくりつ,N3
1043,知識,ちしき,N3
1044,年代,ねんだい,N3
1045,大変,たいへん,N3
1046,感謝,かんしゃ,N3
1047,準備,じゅんび,N3
1048,有効,ゆうこう,N3
1049,機械,きかい,N3
1050,安定,あんてい,N3
1051,球,たま,N3
1052,拡大,かくだい,N3
1053,集中,しゅうちゅう,N3
1054,幸福,こうふく,N3
1055,推薦,すいせん,N3
1056,学,がく,N3
1057,成長,せいちょう,N3
1058,語,ご,N3
1059,,スタイル,N3
1060,,ゲーム,N3
1061,現場,げんば,N3
1062,生物,せいぶつ,N3
1063,機関,きかん,N3
1064,老人,ろうじん,N3
1065,表現,ひょうげん,N3
1066,金額,きんがく,N3
1067,様々,さまざま,N3
1068,死亡,しぼう,N3
1069,側,そば,N3
1070,経験,けいけん,N3
1071,道路,どうろ,N3
1072,連続,れんぞく,N3
1073,実施,じっし,N3
1074,修正,しゅうせい,N3
1075,相手,あいて,N3
1076,障害,しょうがい,N3
1077,楽,らく,N3
1078,空,から,N3
1079,人工,じんこう,N3
1080,宝,たから,N3
1081,地球,ちきゅう,N3
1082,局,きょく,N3
1083,到着,とうちゃく,N3
1084,航空,こうくう,N3
1085,基,もと,N3
1086,生地,きじ,N3
1087,続き,つづき,N3
1088,合計,ごうけい,N3
1089,流れ,ながれ,N3
1090,化学,かがく,N3
1091,意外,いがい,N3
1092,土地,とち,N3
1093,恐怖,きょうふ,N3
1094,発行,はっこう,N3
1095,契約,けいやく,N3
1096,協力,きょうりょく,N3
1097,食事,しょくじ,N3
1098,一体,いったい,N3
1099,担当,たんとう,N3
1100,今後,こんご,N3
1101,舞台,ぶたい,N3
1102,観光,かんこう,N3
1103,記録,きろく,N3
1104,太陽,たいよう,N3
1105,一生,いっしょう,N3
1106,満足,まんぞく,N3
1107,玉,たま,N3
1108,印刷,いんさつ,N3
1109,活用,かつよう,N3
1110,柄,がら,N3
1111,読み,よみ,N3
1112,変化,へんか,N3
1113,全て,すべて,N3
1114,差,さ,N3
1115,地下,ちか,N3
1116,筋,すじ,N3
1117,不安,ふあん,N3
1118,酒,さけ,N3
1119,都会,とかい,N3
1120,値段,ねだん,N3
1121,費用,ひよう,N3
1122,経営,けいえい,N3
1123,理想,りそう,N3
1124,感情,かんじょう,N3
1125,選手,せんしゅ,N3
1126,長期,ちょうき,N3
1127,際,さい,N3
1128,中学,ちゅうがく,N3
1129,組織,そしき,N3
1130,是非,ぜひ,N3
1131,訪問,ほうもん,N3
1132,友,とも,N3
1133,管,かん,N3
1134,波,なみ,N3
1135,新た,あらた,N3
1136,温度,おんど,N3
1137,美人,びじん,N3
1138,学習,がくしゅう,N3
1139,作家,さっか,N3
1140,委員,いいん,N3
1141,武器,ぶき,N3
1142,友人,ゆうじん,N3
1143,現代,げんだい,N3
1144,一方,いっぽう,N3
1145,,ただ,N3
1146,行き,ゆき,N3
1147,建築,けんちく,N3
1148,装置,そうち,N3
1149,患者,かんじゃ,N3
1150,残り,のこり,N3
1151,性格,せいかく,N3
1152,刺激,しげき,N3
1153,計画,けいかく,N3
1154,請求,せいきゅう,N3
1155,球,きゅう,N3
1156,本物,ほんもの,N3
1157,物語,ものがたり,N3
1158,修理,しゅうり,N3
1159,化粧,けしょう,N3
1160,適用,てきよう,N3
1161,教授,きょうじゅ,N3
1162,茶,ちゃ,N3
1163,巨大,きょだい,N3
1164,博士,はかせ,N3
1165,端,はし,N3
1166,布,ぬの,N3
1167,思想,しそう,N3
1168,豊富,ほうふ,N3
1169,年齢,ねんれい,N3
1170,検査,けんさ,N3
1171,文明,ぶんめい,N3
1172,雰囲気,ふんいき,N3
1173,団体,だんたい,N3
1174,伝統,でんとう,N3
1175,他人,たにん,N3
1176,重大,じゅうだい,N3
1177,服装,ふくそう,N3
1178,信頼,しんらい,N3
1179,運転,うんてん,N3
1180,検討,けんとう,N3
1181,芸術,げいじゅつ,N3
1182,影,かげ,N3
1183,値,あたい,N3
1184,指導,しどう,N3
1185,建設,けんせつ,N3
1186,信用,しんよう,N3
1187,提案,ていあん,N3
1188,快適,かいてき,N3
1189,記者,きしゃ,N3
1190,利益,りえき,N3
1191,出身,しゅっしん,N3
1192,発見,はっけん,N3
1193,同様,どうよう,N3
1194,共通,きょうつう,N3
1195,弾,たま,N3
1196,様子,ようす,N3
1197,名人,めいじん,N3
1198,国民,こくみん,N3
1199,全員,ぜんいん,N3
1200,意識,いしき,N3
1201,手段,しゅだん,N3
1202,目標,もくひょう,N3
1203,宇宙,うちゅう,N3
1204,,センター,N3
1205,,クラシック,N3
1206,女優,じょゆう,N3
1207,旅,たび,N3
1208,信号,しんごう,N3
1209,宗教,しゅうきょう,N3
1210,症状,しょうじょう,N3
1211,級,きゅう,N3
1212,穴,あな,N3
1213,登山,とざん,N3
1214,現金,げんきん,N3
1215,当時,とうじ,N3
1216,感動,かんどう,N3
1217,鉄道,てつどう,N3
1218,食物,しょくもつ,N3
1219,心配,しんぱい,N3
1220,,プラス,N3
1221,記憶,きおく,N3
1222,一時,いちじ,N3
1223,計算,けいさん,N3
1224,本当,ほんとう,N3
1225,夫婦,ふうふ,N3
1226,違反,いはん,N3
1227,回復,かいふく,N3
1228,劇場,げきじょう,N3
1229,教師,きょうし,N3
1230,袋,ふくろ,N3
1231,歌手,かしゅ,N3
1232,価値,かち,N3
1233,油,あぶら,N3
1234,合格,ごうかく,N3
1235,州,しゅう,N3
1236,感覚,かんかく,N3
1237,監督,かんとく,N3
1238,昼食,ちゅうしょく,N3
1239,疑問,ぎもん,N3
1240,笑顔,えがお,N3
1241,犯罪,はんざい,N3
1242,出席,しゅっせき,N3
1243,訓練,くんれん,N3
1244,間違い,まちがい,N3
1245,風景,ふうけい,N3
1246,構成,こうせい,N3
1247,組合,くみあい,N3
1248,維持,いじ,N3
1249,母親,ははおや,N3
1250,分野,ぶんや,N3
1251,例,れい,N3
1252,問い,とい,N3
1253,株,かぶ,N3
1254,通過,つうか,N3
1255,独特,どくとく,N3
1256,要素,ようそ,N3
1257,制限,せいげん,N3
1258,職業,しょくぎょう,N3
1259,地位,ちい,N3
1260,印,しるし,N3
1261,強力,きょうりょく,N3
1262,瞬間,しゅんかん,N3
1263,結局,けっきょく,N3
1264,呼吸,こきゅう,N3
1265,仲間,なかま,N3
1266,明らか,あきらか,N3
1267,首都,しゅと,N3
1268,事実,じじつ,N3
1269,一致,いっち,N3
1270,言語,げんご,N3
1271,資源,しげん,N3
1272,依頼,いらい,N3
1273,現実,げんじつ,N3
1274,底,そこ,N3
1275,徹底,てってい,N3
1276,先日,せんじつ,N3
1277,知恵,ちえ,N3
1278,範囲,はんい,N3
1279,日曜,にちよう,N3
1280,皮,かわ,N3
1281,外交,がいこう,N3
1282,女王,じょおう,N3
1283,胸,むね,N3
1284,就職,しゅうしょく,N3
1285,姿,すがた,N3
1286,引用,いんよう,N3
1287,王子,おうじ,N3
1288,主義,しゅぎ,N3
1289,支店,してん,N3
1290,競技,きょうぎ,N3
1291,石油,せきゆ,N3
1292,許可,きょか,N3
1293,確実,かくじつ,N3
1294,衣服,いふく,N3
1295,模様,もよう,N3
1296,約,やく,N3
1297,幸せ,しあわせ,N3
1298,列,れつ,N3
1299,豪華,ごうか,N3
1300,平和,へいわ,N3
1301,革,かわ,N3
1302,優勝,ゆうしょう,N3
1303,身長,しんちょう,N3
1304,予算,よさん,N3
1305,実行,じっこう,N3
1306,医師,いし,N3
1307,夫人,ふじん,N3
1308,屋根,やね,N3
1309,被害,ひがい,N3
1310,世紀,せいき,N3
1311,章,しょう,N3
1312,立場,たちば,N3
1313,牛,うし,N3
1314,学者,がくしゃ,N3
1315,船,ふね,N3
1316,無駄,むだ,N3
1317,一種,いっしゅ,N3
1318,馬,うま,N3
1319,農業,のうぎょう,N3
1320,著者,ちょしゃ,N3
1321,出会い,であい,N3
1322,物理,ぶつり,N3
1323,好み,このみ,N3
1324,権利,けんり,N3
1325,留学,りゅうがく,N3
1326,評判,ひょうばん,N3
1327,父親,ちちおや,N3
1328,実験,じっけん,N3
1329,大使,たいし,N3
1330,思い出,おもいで,N3
1331,深刻,しんこく,N3
1332,国会,こっかい,N3
1333,答案,とうあん,N3
1334,銀,ぎん,N3
1335,予防,よぼう,N3
1336,攻撃,こうげき,N3
1337,異常,いじょう,N3
1338,議員,ぎいん,N3
1339,奥,おく,N3
1340,主婦,しゅふ,N3
1341,物質,ぶっしつ,N3
1342,知事,ちじ,N3
1343,重視,じゅうし,N3
1344,想像,そうぞう,N3
1345,住民,じゅうみん,N3
1346,現状,げんじょう,N3
1347,得意,とくい,N3
1348,大陸,たいりく,N3
1349,態度,たいど,N3
1350,根,ね,N3
1351,誰か,だれか,N3
1352,歓迎,かんげい,N3
1353,消防,しょうぼう,N3
1354,恋,こい,N3
1355,飯,めし,N3
1356,場面,ばめん,N3
1357,承認,しょうにん,N3
1358,労働,ろうどう,N3
1359,出来事,できごと,N3
1360,困難,こんなん,N3
1361,集団,しゅうだん,N3
1362,方々,かたがた,N3
1363,証明,しょうめい,N3
1364,首相,しゅしょう,N3
1365,,あんまり,N3
1366,勢い,いきおい,N3
1367,現象,げんしょう,N3
1368,警告,けいこく,N3
1369,中止,ちゅうし,N3
1370,,スタンド,N3
1371,不正,ふせい,N3
1372,輪,わ,N3
1373,,スター,N3
1374,願い,ねがい,N3
1375,野,の,N3
1376,戦い,たたかい,N3
1377,収入,しゅうにゅう,N3
1378,裁判,さいばん,N3
1379,負け,まけ,N3
1380,手術,しゅじゅつ,N3
1381,演奏,えんそう,N3
1382,主張,しゅちょう,N3
1383,書類,しょるい,N3
1384,愛情,あいじょう,N3
1385,始まり,はじまり,N3
1386,論文,ろんぶん,N3
1387,棒,ぼう,N3
1388,見事,みごと,N3
1389,完了,かんりょう,N3
1390,役割,やくわり,N3
1391,日付,ひづけ,N3
1392,関心,かんしん,N3
1393,婦人,ふじん,N3
1394,腰,こし,N3
1395,適切,てきせつ,N3
1396,候補,こうほ,N3
1397,松,まつ,N3
1398,弁当,べんとう,N3
1399,土曜,どよう,N3
1400,配達,はいたつ,N3
1401,,ベルト,N3
1402,大部分,だいぶぶん,N3
1403,迷惑,めいわく,N3
1404,我々,われわれ,N3
1405,批判,ひはん,N3
1406,出発,しゅっぱつ,N3
1407,勝ち,かち,N3
1408,抵抗,ていこう,N3
1409,有利,ゆうり,N3
1410,命,いのち,N3
1411,博物館,はくぶつかん,N3
1412,不満,ふまん,N3
1413,議論,ぎろん,N3
1414,事態,じたい,N3
1415,増加,ぞうか,N3
1416,疲れ,つかれ,N3
1417,日中,にっちゅう,N3
1418,正直,しょうじき,N3
1419,虎,とら,N3
1420,講演,こうえん,N3
1421,優秀,ゆうしゅう,N3
1422,読書,どくしょ,N3
1423,働き,はたらき,N3
1424,近代,きんだい,N3
1425,逮捕,たいほ,N3
1426,傷,きず,N3
1427,通学,つうがく,N3
1428,肩,かた,N3
1429,命令,めいれい,N3
1430,笑い,わらい,N3
1431,家事,かじ,N3
1432,党,とう,N3
1433,谷,たに,N3
1434,週,しゅう,N3
1435,援助,えんじょ,N3
1436,入場,にゅうじょう,N3
1437,大戦,たいせん,N3
1438,発展,はってん,N3
1439,人類,じんるい,N3
1440,喜び,よろこび,N3
1441,次々,つぎつぎ,N3
1442,絵画,かいが,N3
1443,資本,しほん,N3
1444,周囲,しゅうい,N3
1445,会計,かいけい,N3
1446,菓子,かし,N3
1447,椅子,いす,N3
1448,大統領,だいとうりょう,N3
1449,傾向,けいこう,N3
1450,恋人,こいびと,N3
1451,余裕,よゆう,N3
1452,微妙,びみょう,N3
1453,調子,ちょうし,N3
1454,時刻,じこく,N3
1455,貴重,きちょう,N3
1456,常識,じょうしき,N3
1457,知能,ちのう,N3
1458,作曲,さっきょく,N3
1459,外出,がいしゅつ,N3
1460,結論,けつろん,N3
1461,水準,すいじゅん,N3
1462,差別,さべつ,N3
1463,軍,ぐん,N3
1464,肌,はだ,N3
1465,境,さかい,N3
1466,限界,げんかい,N3
1467,質,しつ,N3
1468,支配,しはい,N3
1469,一言,ひとこと,N3
1470,大半,たいはん,N3
1471,神経,しんけい,N3
1472,演技,えんぎ,N3
1473,哲学,てつがく,N3
1474,義務,ぎむ,N3
1475,混乱,こんらん,N3
1476,緊張,きんちょう,N3
1477,衛星,えいせい,N3
1478,輸出,ゆしゅつ,N3
1479,急速,きゅうそく,N3
1480,見解,けんかい,N3
1481,飛行,ひこう,N3
1482,試し,ためし,N3
1483,格好,かっこう,N3
1484,睡眠,すいみん,N3
1485,刑事,けいじ,N3
1486,列車,れっしゃ,N3
1487,大臣,だいじん,N3
1488,額,がく,N3
1489,離婚,りこん,N3
1490,年中,ねんじゅう,N3
1491,支出,ししゅつ,N3
1492,議会,ぎかい,N3
1493,尊重,そんちょう,N3
1494,供給,きょうきゅう,N3
1495,鉄,てつ,N3
1496,痛み,いたみ,N3
1497,順,じゅん,N3
1498,骨,ほね,N3
1499,財産,ざいさん,N3
1500,苦手,にがて,N3
1501,世の中,よのなか,N3
1502,会合,かいごう,N3
1503,無事,ぶじ,N3
1504,食料,しょくりょう,N3
1505,公平,こうへい,N3
1506,成績,せいせき,N3
1507,鬼,おに,N3
1508,束,たば,N3
1509,自殺,じさつ,N3
1510,付き合い,つきあい,N3
1511,温暖,おんだん,N3
1512,損害,そんがい,N3
1513,不思議,ふしぎ,N3
1514,貢献,こうけん,N3
1515,爆発,ばくはつ,N3
1516,余り,あまり,N3
1517,税金,ぜいきん,N3
1518,桜,さくら,N3
1519,小屋,こや,N3
1520,免許,めんきょ,N3
1521,故郷,ふるさと,N3
1522,世間,せけん,N3
1523,招待,しょうたい,N3
1524,画家,がか,N3
1525,景気,けいき,N3
1526,栄養,えいよう,N3
1527,塔,とう,N3
1528,進学,しんがく,N3
1529,寄付,きふ,N3
1530,運,うん,N3
1531,否定,ひてい,N3
1532,引退,いんたい,N3
1533,議長,ぎちょう,N3
1534,別れ,わかれ,N3
1535,正確,せいかく,N3
1536,向かい,むかい,N3
1537,汗,あせ,N3
1538,永遠,えいえん,N3
1539,末,すえ,N3
1540,金銭,きんせん,N3
1541,教科書,きょうかしょ,N3
1542,梅,うめ,N3
1543,記入,きにゅう,N3
1544,一層,いっそう,N3
1545,納得,なっとく,N3
1546,土産,みやげ,N3
1547,面倒,めんどう,N3
1548,冷静,れいせい,N3
1549,憲法,けんぽう,N3
1550,単純,たんじゅん,N3
1551,典型,てんけい,N3
1552,賞,しょう,N3
1553,国境,こっきょう,N3
1554,不幸,ふこう,N3
1555,失業,しつぎょう,N3
1556,礼,れい,N3
1557,宅,たく,N3
1558,俳優,はいゆう,N3
1559,予測,よそく,N3
1560,前進,ぜんしん,N3
1561,彼等,かれら,N3
1562,腹,はら,N3
1563,不利,ふり,N3
1564,気温,きおん,N3
1565,姉妹,しまい,N3
1566,経由,けいゆ,N3
1567,平等,びょうどう,N3
1568,尻,しり,N3
1569,支給,しきゅう,N3
1570,苦労,くろう,N3
1571,注,ちゅう,N3
1572,通行,つうこう,N3
1573,農家,のうか,N3
1574,一瞬,いっしゅん,N3
1575,曜日,ようび,N3
1576,大気,たいき,N3
1577,刀,かたな,N3
1578,筋肉,きんにく,N3
1579,観察,かんさつ,N3
1580,役,やく,N3
1581,国語,こくご,N3
1582,泉,いずみ,N3
1583,観客,かんきゃく,N3
1584,演説,えんぜつ,N3
1585,次第,しだい,N3
1586,吸収,きゅうしゅう,N3
1587,金庫,きんこ,N3
1588,予報,よほう,N3
1589,粉,こな,N3
1590,正午,しょうご,N3
1591,皿,さら,N3
1592,気味,きみ,N3
1593,縦,たて,N3
1594,息,いき,N3
1595,世話,せわ,N3
1596,清潔,せいけつ,N3
1597,年月,としつき,N3
1598,科目,かもく,N3
1599,,グループ,N3
1600,犯人,はんにん,N3
1601,熱心,ねっしん,N3
1602,宝石,ほうせき,N3
1603,衝突,しょうとつ,N3
1604,年寄,としより,N3
1605,劇,げき,N3
1606,考慮,こうりょ,N3
1607,手間,てま,N3
1608,跡,あと,N3
1609,日,にち,N3
1610,中,ちゅう,N3
1611,下り,くだり,N3
1612,上,かみ,N3
1613,分,ぶ,N3
1614,分,ぶん,N3
1615,図,ず,N3
1616,生,なま,N3
1617,者,もの,N3
1618,会,かい,N3
1619,小,しょう,N3
1620,後,のち,N3
1621,下,しも,N3
1622,下,げ,N3
1623,幕,まく,N3
1624,図書,としょ,N3
1625,日光,にっこう,N3
1626,月,つき,N3
1627,善,ぜん,N3
1628,失望,しつぼう,N3
1629,奇妙,きみょう,N3
1630,度,ど,N3
1631,度,たび,N3
1632,物価,ぶっか,N3
1633,金,きん,N3
1634,金,かね,N3
1635,性,せい,N3
1636,文,ぶん,N3
1637,雷,かみなり,N3
1638,見舞い,みまい,N3
1639,法,ほう,N3
1640,湾,わん,N3
1641,語学,ごがく,N3
1642,光景,こうけい,N3
1643,汚染,おせん,N3
1644,給料,きゅうりょう,N3
1645,面,めん,N3
1646,味方,みかた,N3
1647,数,すう,N3
1648,表,ひょう,N3
1649,商売,しょうばい,N3
1650,,ボール,N3
1651,専攻,せんこう,N3
1652,無,む,N3
1653,急激,きゅうげき,N3
1654,心臓,しんぞう,N3
1655,市,いち,N3
1656,涙,なみだ,N3
1657,職,しょく,N3
1658,品,ひん,N3
1659,品,しな,N3
1660,元,もと,N3
1661,集まり,あつまり,N3
1662,火災,かさい,N3
1663,申し訳,もうしわけ,N3
1664,罪,つみ,N3
1665,嫁,よめ,N3
1666,延期,えんき,N3
1667,座席,ざせき,N3
1668,順調,じゅんちょう,N3
1669,悲劇,ひげき,N3
1670,半ば,なかば,N3
1671,独身,どくしん,N3
1672,学問,がくもん,N3
1673,禁煙,きんえん,N3
1674,借金,しゃっきん,N3
1675,乗客,じょうきゃく,N3
1676,他,ほか,N3
1677,句,く,N3
1678,式,しき,N3
1679,慎重,しんちょう,N3
1680,審判,しんぱん,N3
1681,同僚,どうりょう,N3
1682,信仰,しんこう,N3
1683,迎え,むかえ,N3
1684,騒音,そうおん,N3
1685,軍隊,ぐんたい,N3
1686,農民,のうみん,N3
1687,人種,じんしゅ,N3
1688,滞在,たいざい,N3
1689,休暇,きゅうか,N3
1690,旗,はた,N3
1691,県,けん,N3
1692,炎,ほのお,N3
1693,節約,せつやく,N3
1694,進歩,しんぽ,N3
1695,食卓,しょくたく,N3
1696,論争,ろんそう,N3
1697,解釈,かいしゃく,N3
1698,豆,まめ,N3
1699,勇気,ゆうき,N3
1700,高価,こうか,N3
1701,,オフィス,N3
1702,署名,しょめい,N3
1703,量,りょう,N3
1704,貯金,ちょきん,N3
1705,握手,あくしゅ,N3
1706,自慢,じまん,N3
1707,酸素,さんそ,N3
1708,番,ばん,N3
1709,文句,もんく,N3
1710,連れ,つれ,N3
1711,瓶,びん,N3
1712,不自由,ふじゆう,N3
1713,盛り,さかり,N3
1714,賛成,さんせい,N3
1715,係,かかり,N3
1716,帰宅,きたく,N3
1717,無し,なし,N3
1718,冒険,ぼうけん,N3
1719,,ビデオ,N3
1720,後者,こうしゃ,N3
1721,生き物,いきもの,N3
1722,宿,やど,N3
1723,毒,どく,N3
1724,,カー,N3
1725,暮れ,くれ,N3
1726,婚約,こんやく,N3
1727,相続,そうぞく,N3
1728,救助,きゅうじょ,N3
1729,交際,こうさい,N3
1730,発達,はったつ,N3
1731,悪魔,あくま,N3
1732,筆,ふで,N3
1733,覚悟,かくご,N3
1734,券,けん,N3
1735,仲,なか,N3
1736,天候,てんこう,N3
1737,空き,あき,N3
1738,騒ぎ,さわぎ,N3
1739,敵,てき,N3
1740,無視,むし,N3
1741,詩,し,N3
1742,金曜,きんよう,N3
1743,熱帯,ねったい,N3
1744,前者,ぜんしゃ,N3
1745,万一,まんいち,N3
1746,岩,いわ,N3
1747,縁,ふち,N3
1748,丘,おか,N3
1749,夜中,よなか,N3
1750,感心,かんしん,N3
1751,区別,くべつ,N3
1752,互い,たがい,N3
1753,見送り,みおくり,N3
1754,妙,みょう,N3
1755,月曜,げつよう,N3
1756,陸,りく,N3
1757,芝居,しばい,N3
1758,横断,おうだん,N3
1759,缶,かん,N3
1760,誇り,ほこり,N3
1761,拍手,はくしゅ,N3
1762,少々,しょうしょう,N3
1763,詩人,しじん,N3
1764,破産,はさん,N3
1765,誤解,ごかい,N3
1766,家賃,やちん,N3
1767,強盗,ごうとう,N3
1768,幸い,さいわい,N3
1769,課,か,N3
1770,気候,きこう,N3
1771,商人,しょうにん,N3
1772,誤り,あやまり,N3
1773,意志,いし,N3
1774,煙,けむり,N3
1775,銃,じゅう,N3
1776,頭痛,ずつう,N3
1777,混雑,こんざつ,N3
1778,風呂,ふろ,N3
1779,務め,つとめ,N3
1780,食欲,しょくよく,N3
1781,物事,ものごと,N3
1782,批評,ひひょう,N3
1783,休憩,きゅうけい,N3
1784,技師,ぎし,N3
1785,砂漠,さばく,N3
1786,骨折,こっせつ,N3
1787,単語,たんご,N3
1788,泡,あわ,N3
1789,欠陥,けっかん,N3
1790,親友,しんゆう,N3
1791,孫,まご,N3
1792,毛布,もうふ,N3
1793,岸,きし,N3
1794,望み,のぞみ,N3
1795,針,はり,N3
1796,鍋,なべ,N3
1797,原,はら,N3
1798,学期,がっき,N3
1799,我慢,がまん,N3
1800,裸,はだか,N3
1801,順番,じゅんばん,N3
1802,幸運,こううん,N3
1803,釣,つり,N3
1804,,ドレス,N3
1805,活気,かっき,N3
1806,王様,おうさま,N3
1807,絶滅,ぜつめつ,N3
1808,居間,いま,N3
1809,率,りつ,N3
1810,渋滞,じゅうたい,N3
1811,苦痛,くつう,N3
1812,夜明け,よあけ,N3
1813,双子,ふたご,N3
1814,損,そん,N3
1815,,オーバー,N3
1816,偉大,いだい,N3
1817,歩道,ほどう,N3
1818,畑,はたけ,N3
1819,翼,つばさ,N3
1820,綿,わた,N3
1821,克服,こくふく,N3
1822,墓,はか,N3
1823,食糧,しょくりょう,N3
1824,収穫,しゅうかく,N3
1825,真っ赤,まっか,N3
1826,手伝い,てつだい,N3
1827,偶然,ぐうぜん,N3
1828,作物,さくもつ,N3
1829,邪魔,じゃま,N3
1830,木曜,もくよう,N3
1831,診察,しんさつ,N3
1832,梅雨,つゆ,N3
1833,承知,しょうち,N3
1834,体温,たいおん,N3
1835,欠席,けっせき,N3
1836,鍵,かぎ,N3
1837,発明,はつめい,N3
1838,小麦,こむぎ,N3
1839,冗談,じょうだん,N3
1840,悪口,わるくち,N3
1841,穏やか,おだやか,N3
1842,胃,い,N3
1843,,ドライブ,N3
1844,間,ま,N3
1845,駐車,ちゅうしゃ,N3
1846,泥,どろ,N3
1847,決心,けっしん,N3
1848,勤め,つとめ,N3
1849,欠点,けってん,N3
1850,尊敬,そんけい,N3
1851,老い,おい,N3
1852,書物,しょもつ,N3
1853,掲示,けいじ,N3
1854,便り,たより,N3
1855,氷,こおり,N3
1856,敬意,けいい,N3
1857,石炭,せきたん,N3
1858,舌,した,N3
1859,辺り,あたり,N3
1860,題,だい,N3
1861,通り,とおり,N3
1862,頂上,ちょうじょう,N3
1863,徹夜,てつや,N3
1864,支度,したく,N3
1865,作法,さほう,N3
1866,様,よう,N3
1867,勘定,かんじょう,N3
1868,道徳,どうとく,N3
1869,恩,おん,N3
1870,機嫌,きげん,N3
1871,芽,め,N3
1872,,マスター,N3
1873,沖,おき,N3
1874,上京,じょうきょう,N3
1875,,クリーム,N3
1876,,ドラマ,N3
1877,,グランド,N3
1878,,ママ,N3
1879,決まり,きまり,N3
1880,害,がい,N3
1881,愉快,ゆかい,N3
1882,芝生,しばふ,N3
1883,秒,びょう,N3
1884,巣,す,N3
1885,用心,ようじん,N3
1886,有能,ゆうのう,N3
1887,丸,まる,N3
1888,,ソファー,N3
1889,適度,てきど,N3
1890,稲,いね,N3
1891,合図,あいず,N3
1892,夕べ,ゆうべ,N3
1893,,かわいそう,N3
1894,強調,きょうちょう,N3
1895,霧,きり,N3
1896,濠,ほり,N3
1897,軒,のき,N3
1898,穀物,こくもつ,N3
1899,髪の毛,かみのけ,N3
1900,書斎,しょさい,N3
1901,礼儀,れいぎ,N3
1902,謎,なぞ,N3
1903,予期,よき,N3
1904,火曜,かよう,N3
1905,,それぞれ,N3
1906,加減,かげん,N3
1907,塀,へい,N3
1908,見当,けんとう,N3
1909,勘,かん,N3
1910,程,ほど,N3
1911,嵐,あらし,N3
1912,黒板,こくばん,N3
1913,奨学金,しょうがくきん,N3
1914,,ワイン,N3
1915,,クリスマス,N3
1916,柄,え,N3
1917,,タオル,N3
1918,,メンバー,N3
1919,,チーム,N3
1920,要点,ようてん,N3
1921,虫歯,むしば,N3
1922,,エンジン,N3
1923,袖,そで,N3
1924,両替,りょうがえ,N3
1925,,スイッチ,N3
1926,,プラン,N3
1927,実,み,N3
1928,笛,ふえ,N3
1929,陽気,ようき,N3
1930,駄目,だめ,N3
1931,真剣,しんけん,N3
1932,小包,こづつみ,N3
1933,猿,さる,N3
1934,,グラス,N3
1935,硬貨,こうか,N3
1936,,ダイヤ,N3
1937,脇,わき,N3
1938,頃,ころ,N3
1939,,たとえ,N3
1940,生まれ,うまれ,N3
1941,,ブレーキ,N3
1942,角,つの,N3
1943,反抗,はんこう,N3
1944,種,たね,N3
1945,発車,はっしゃ,N3
1946,場,ば,N3
1947,,ダンス,N3
1948,,トラック,N3
1949,,ベンチ,N3
1950,地平線,ちへいせん,N3
1951,切れ,きれ,N3
1952,不平,ふへい,N3
1953,匂い,におい,N3
1954,お昼,おひる,N3
1955,,サイン,N3
1956,,パイプ,N3
1957,鎖,くさり,N3
1958,,アルバム,N3
1959,連想,れんそう,N3
1960,泳ぎ,およぎ,N3
1961,包み,つつみ,N3
1962,眺め,ながめ,N3
1963,,コーチ,N3
1964,大抵,たいてい,N3
1965,嘘,うそ,N3
1966,,ピン,N3
1967,遅刻,ちこく,N3
1968,,これら,N3
1969,途端,とたん,N3
1970,手品,てじな,N3
1971,訓,くん,N3
1972,粗末,そまつ,N3
1973,真面目,まじめ,N3
1974,,アウト,N3
1975,,キャンプ,N3
1976,上達,じょうたつ,N3
1977,縄,なわ,N3
1978,居眠り,いねむり,N3
1979,祭,まつり,N3
1980,帯,おび,N3
1981,,ヨーロッパ,N3
1982,,スキー,N3
1983,噂,うわさ,N3
1984,,たっぷり,N3
1985,唯,ただ,N3
1986,厄介,やっかい,N3
1987,膝,ひざ,N3
1988,氏,し,N3
1989,,いずれ,N3
1990,現れ,あらわれ,N3
1991,,ビール,N3
1992,床,ゆか,N3
1993,行儀,ぎょうぎ,N3
1994,夢中,むちゅう,N3
1995,癖,くせ,N3
1996,,マーケット,N3
1997,,ミス,N3
1998,税,ぜい,N3
1999,,デート,N3
2000,気の毒,きのどく,N3
2001,,ジーンズ,N3
2002,,ノー,N3
2003,曇,くもり,N3
2004,霜,しも,N3
2005,一人一人,ひとりひとり,N3
2006,迷子,まいご,N3
2007,,エネルギー,N3
2008,,パス,N3
2009,,ライター,N3
2010,,チャンス,N3
2011,,インク,N3
2012,州,す,N3
2013,暗記,あんき,N3
2014,親戚,しんせき,N3
2015,方々,ほうぼう,N3
2016,,テント,N3
2017,,メモ,N3
2018,,スープ,N3
2019,,びっくり,N3
2020,物音,ものおと,N3
2021,熱中,ねっちゅう,N3
2022,旧,きゅう,N3
2023,回り,まわり,N3
2024,,トン,N3
2025,,スケート,N3
2026,,たった,N3
2027,,ミルク,N3
2028,,チーズ,N3
2029,,ボート,N3
2030,案,あん,N3
2031,,ラケット,N3
2032,喉,のど,N3
2033,餌,えさ,N3
2034,兎,うさぎ,N3
2035,,パイロット,N3
2036,,おまえ,N3
2037,動詞,どうし,N3
2038,,バン,N3
2039,,どこか,N3
2040,,アイロン,N3
2041,,ペンキ,N3
2042,,ハイキング,N3
2043,,マイク,N3
2044,,ボーイ,N3
2045,最中,さいちゅう,N3
2046,,ゴール,N3
2047,哀れ,あわれ,N3
2048,田,た,N3
2049,,はさみ,N3
2050,,キャプテン,N3
2051,,まさか,N3
2052,真似,まね,N3
2053,,ジュース,N3
2054,,ロケット,N3
2055,喧嘩,けんか,N3
2056,,パスポート,N3
2057,訳,やく,N3
2058,頬,ほお,N3
2059,,いらっしゃい,N3
2060,馬鹿,ばか,N3
2061,贅沢,ぜいたく,N3
2062,器用,きよう,N3
2063,お腹,おなか,N3
2064,停留所,ていりゅうじょ,N3
2065,極,きょく,N3
2066,,ちょうだい,N3
2067,,おしゃべり,N3
2068,上等,じょうとう,N3
2069,,いたずら,N3
2070,,デモ,N3
2071,,トランプ,N3
2072,,ウイスキー,N3
2073,象,ぞう,N3
2074,幾ら,いくら,N3
2075,退屈,たいくつ,N3
2076,,ヨット,N3
2077,利口,りこう,N3
2078,,さっぱり,N3
2079,,アイスクリーム,N3
2080,額,ひたい,N3
2081,,ピクニック,N3
2082,男の人,おとこのひと,N3
2083,余分,よぶん,N3
2084,,トンネル,N3
2085,密,みつ,N3
2086,,あちこち,N3
2087,羽,はね,N3
2088,,バイオリン,N3
2089,鼠,ねずみ,N3
2090,お互い,おたがい,N3
2091,,ノック,N3
2092,,わがまま,N3
2093,節,ふし,N3
2094,,スピーチ,N3
2095,,パーセント,N3
2096,知らせ,しらせ,N3
2097,,ユーモア,N3
2098,明後日,あさって,N3
2099,,うがい,N3
2100,,がっかり,N3
2101,紐,ひも,N3
2102,対,つい,N3
2103,,ハンサム,N3
2104,塵,ごみ,N3
2105,平ら,たいら,N3
2106,綿,めん,N3
2107,灰,はい,N3
2108,,タイプライター,N3
2109,,あいにく,N3
2110,真っ直ぐ,まっすぐ,N3
2111,怪我,けが,N3
2112,,にっこり,N3
2113,,いらいら,N3
2114,人込み,ひとごみ,N3
2115,説,せつ,N3
2116,近頃,ちかごろ,N3
2117,,けち,N3
2118,縁,えん,N3
2119,ジェット機,ジェットき,N3
2120,所為,せい,N3
2121,咳,せき,N3
2122,仏,ほとけ,N3
2123,従兄弟,いとこ,N3
2124,陰,かげ,N3
2125,札,さつ,N3
2126,僅か,わずか,N3
2127,莫大,ばくだい,N3
2128,埃,ほこり,N3
2129,籠,かご,N3
2130,銅貨,どうか,N3
2131,尤も,もっとも,N3
2132,諺,ことわざ,N3
2133,問い合わせ,といあわせ,N2
2134,県庁,けんちょう,N2
2135,送料,そうりょう,N2
2136,追加,ついか,N2
2137,公式,こうしき,N2
2138,指定,してい,N2
2139,一定,いってい,N2
2140,割引,わりびき,N2
2141,作者,さくしゃ,N2
2142,延長,えんちょう,N2
2143,回答,かいとう,N2
2144,美容,びよう,N2
2145,発売,はつばい,N2
2146,高級,こうきゅう,N2
2147,資料,しりょう,N2
2148,交流,こうりゅう,N2
2149,登場,とうじょう,N2
2150,行事,ぎょうじ,N2
2151,,カラー,N2
2152,,モデル,N2
2153,,シリーズ,N2
2154,制作,せいさく,N2
2155,標準,ひょうじゅん,N2
2156,調整,ちょうせい,N2
2157,友好,ゆうこう,N2
2158,年度,ねんど,N2
2159,編集,へんしゅう,N2
2160,募集,ぼしゅう,N2
2161,重量,じゅうりょう,N2
2162,方面,ほうめん,N2
2163,対策,たいさく,N2
2164,特定,とくてい,N2
2165,包装,ほうそう,N2
2166,,バック,N2
2167,周辺,しゅうへん,N2
2168,防止,ぼうし,N2
2169,分類,ぶんるい,N2
2170,,ショップ,N2
2171,作成,さくせい,N2
2172,通知,つうち,N2
2173,関西,かんさい,N2
2174,,ピンク,N2
2175,撮影,さつえい,N2
2176,,おしゃれ,N2
2177,上下,じょうげ,N2
2178,先頭,せんとう,N2
2179,終了,しゅうりょう,N2
2180,特殊,とくしゅ,N2
2181,透明,とうめい,N2
2182,公共,こうきょう,N2
2183,特色,とくしょく,N2
2184,展開,てんかい,N2
2185,目安,めやす,N2
2186,,カバー,N2
2187,前後,ぜんご,N2
2188,性能,せいのう,N2
2189,大小,だいしょう,N2
2190,成立,せいりつ,N2
2191,部品,ぶひん,N2
2192,器具,きぐ,N2
2193,工事,こうじ,N2
2194,形式,けいしき,N2
2195,付近,ふきん,N2
2196,英文,えいぶん,N2
2197,複数,ふくすう,N2
2198,保健,ほけん,N2
2199,構造,こうぞう,N2
2200,琴,こと,N2
2201,方針,ほうしん,N2
2202,応援,おうえん,N2
2203,強化,きょうか,N2
2204,日時,にちじ,N2
2205,製作,せいさく,N2
2206,商店,しょうてん,N2
2207,基地,きち,N2
2208,基準,きじゅん,N2
2209,用途,ようと,N2
2210,斜め,ななめ,N2
2211,解説,かいせつ,N2
2212,学会,がっかい,N2
2213,外部,がいぶ,N2
2214,停止,ていし,N2
2215,当日,とうじつ,N2
2216,附属,ふぞく,N2
2217,重点,じゅうてん,N2
2218,回転,かいてん,N2
2219,活躍,かつやく,N2
2220,高度,こうど,N2
2221,本来,ほんらい,N2
2222,一段,いちだん,N2
2223,感想,かんそう,N2
2224,全身,ぜんしん,N2
2225,小学生,しょうがくせい,N2
2226,区域,くいき,N2
2227,期限,きげん,N2
2228,基礎,きそ,N2
2229,申請,しんせい,N2
2230,成分,せいぶん,N2
2231,項目,こうもく,N2
2232,平日,へいじつ,N2
2233,父母,ふぼ,N2
2234,手続き,てつづき,N2
2235,夫妻,ふさい,N2
2236,,パンツ,N2
2237,温泉,おんせん,N2
2238,開放,かいほう,N2
2239,有料,ゆうりょう,N2
2240,深夜,しんや,N2
2241,段階,だんかい,N2
2242,書籍,しょせき,N2
2243,屋外,おくがい,N2
2244,区分,くぶん,N2
2245,相互,そうご,N2
2246,以降,いこう,N2
2247,商業,しょうぎょう,N2
2248,東西,とうざい,N2
2249,食器,しょっき,N2
2250,合同,ごうどう,N2
2251,器械,きかい,N2
2252,電力,でんりょく,N2
2253,国立,こくりつ,N2
2254,実績,じっせき,N2
2255,整備,せいび,N2
2256,角度,かくど,N2
2257,用語,ようご,N2
2258,電波,でんぱ,N2
2259,改造,かいぞう,N2
2260,体制,たいせい,N2
2261,海洋,かいよう,N2
2262,電池,でんち,N2
2263,集合,しゅうごう,N2
2264,森林,しんりん,N2
2265,中間,ちゅうかん,N2
2266,正面,しょうめん,N2
2267,芸能,げいのう,N2
2268,研修,けんしゅう,N2
2269,,ねじ,N2
2270,原理,げんり,N2
2271,地点,ちてん,N2
2272,診断,しんだん,N2
2273,通勤,つうきん,N2
2274,短期,たんき,N2
2275,中身,なかみ,N2
2276,系統,けいとう,N2
2277,合理,ごうり,N2
2278,全集,ぜんしゅう,N2
2279,姿勢,しせい,N2
2280,各々,おのおの,N2
2281,日程,にってい,N2
2282,過程,かてい,N2
2283,売上,うりあげ,N2
2284,南北,なんぼく,N2
2285,手帳,てちょう,N2
2286,統一,とういつ,N2
2287,書店,しょてん,N2
2288,血液,けつえき,N2
2289,回数,かいすう,N2
2290,本部,ほんぶ,N2
2291,継続,けいぞく,N2
2292,解放,かいほう,N2
2293,連合,れんごう,N2
2294,体系,たいけい,N2
2295,素人,しろうと,N2
2296,職人,しょくにん,N2
2297,統計,とうけい,N2
2298,受験,じゅけん,N2
2299,混合,こんごう,N2
2300,,きっかけ,N2
2301,未満,みまん,N2
2302,性別,せいべつ,N2
2303,動作,どうさ,N2
2304,,ダブル,N2
2305,生存,せいぞん,N2
2306,楽器,がっき,N2
2307,倉庫,そうこ,N2
2308,原料,げんりょう,N2
2309,矢印,やじるし,N2
2310,高等,こうとう,N2
2311,焦点,しょうてん,N2
2312,面積,めんせき,N2
2313,普及,ふきゅう,N2
2314,出張,しゅっちょう,N2
2315,民間,みんかん,N2
2316,肯定,こうてい,N2
2317,発電,はつでん,N2
2318,工夫,くふう,N2
2319,直前,ちょくぜん,N2
2320,引越し,ひっこし,N2
2321,広場,ひろば,N2
2322,輸送,ゆそう,N2
2323,定価,ていか,N2
2324,私立,しりつ,N2
2325,実力,じつりょく,N2
2326,講師,こうし,N2
2327,測定,そくてい,N2
2328,加速,かそく,N2
2329,接近,せっきん,N2
2330,看板,かんばん,N2
2331,規準,きじゅん,N2
2332,改正,かいせい,N2
2333,,メニュー,N2
2334,古典,こてん,N2
2335,一流,いちりゅう,N2
2336,有無,うむ,N2
2337,直後,ちょくご,N2
2338,容器,ようき,N2
2339,活力,かつりょく,N2
2340,評論,ひょうろん,N2
2341,低下,ていか,N2
2342,反映,はんえい,N2
2343,学部,がくぶ,N2
2344,以後,いご,N2
2345,窓口,まどぐち,N2
2346,空中,くうちゅう,N2
2347,,あたりまえ,N2
2348,防犯,ぼうはん,N2
2349,祝日,しゅくじつ,N2
2350,解答,かいとう,N2
2351,自治,じち,N2
2352,長男,ちょうなん,N2
2353,勝負,しょうぶ,N2
2354,実用,じつよう,N2
2355,集会,しゅうかい,N2
2356,,そのほか,N2
2357,東洋,とうよう,N2
2358,続々,ぞくぞく,N2
2359,青少年,せいしょうねん,N2
2360,竹,たけ,N2
2361,工芸,こうげい,N2
2362,学科,がっか,N2
2363,飾り,かざり,N2
2364,意義,いぎ,N2
2365,入社,にゅうしゃ,N2
2366,接続,せつぞく,N2
2367,外科,げか,N2
2368,創作,そうさく,N2
2369,全般,ぜんぱん,N2
2370,育児,いくじ,N2
2371,休業,きゅうぎょう,N2
2372,見学,けんがく,N2
2373,天皇,てんのう,N2
2374,中年,ちゅうねん,N2
2375,夜間,やかん,N2
2376,定員,ていいん,N2
2377,発想,はっそう,N2
2378,大学院,だいがくいん,N2
2379,解散,かいさん,N2
2380,児童,じどう,N2
2381,売買,ばいばい,N2
2382,調節,ちょうせつ,N2
2383,会館,かいかん,N2
2384,下車,げしゃ,N2
2385,知人,ちじん,N2
2386,移転,いてん,N2
2387,体操,たいそう,N2
2388,氏名,しめい,N2
2389,香水,こうすい,N2
2390,新幹線,しんかんせん,N2
2391,消化,しょうか,N2
2392,火山,かざん,N2
2393,,コレクション,N2
2394,木材,もくざい,N2
2395,削除,さくじょ,N2
2396,先端,せんたん,N2
2397,文献,ぶんけん,N2
2398,四季,しき,N2
2399,競馬,けいば,N2
2400,名字,みょうじ,N2
2401,公表,こうひょう,N2
2402,来日,らいにち,N2
2403,直径,ちょっけい,N2
2404,政党,せいとう,N2
2405,手入れ,ていれ,N2
2406,例外,れいがい,N2
2407,臨時,りんじ,N2
2408,反省,はんせい,N2
2409,実感,じっかん,N2
2410,名作,めいさく,N2
2411,三角,さんかく,N2
2412,給与,きゅうよ,N2
2413,面接,めんせつ,N2
2414,公正,こうせい,N2
2415,水分,すいぶん,N2
2416,対立,たいりつ,N2
2417,中味,なかみ,N2
2418,話合い,はなしあい,N2
2419,境界,きょうかい,N2
2420,国王,こくおう,N2
2421,産地,さんち,N2
2422,知合い,しりあい,N2
2423,寿命,じゅみょう,N2
2424,予備,よび,N2
2425,交替,こうたい,N2
2426,乾燥,かんそう,N2
2427,大工,だいく,N2
2428,主役,しゅやく,N2
2429,狙い,ねらい,N2
2430,都心,としん,N2
2431,花火,はなび,N2
2432,幼児,ようじ,N2
2433,国籍,こくせき,N2
2434,寺院,じいん,N2
2435,課程,かてい,N2
2436,半島,はんとう,N2
2437,為替,かわせ,N2
2438,長女,ちょうじょ,N2
2439,警備,けいび,N2
2440,皮膚,ひふ,N2
2441,観測,かんそく,N2
2442,就任,しゅうにん,N2
2443,演劇,えんげき,N2
2444,宣伝,せんでん,N2
2445,出合い,であい,N2
2446,下降,かこう,N2
2447,性質,せいしつ,N2
2448,限度,げんど,N2
2449,開会,かいかい,N2
2450,分布,ぶんぷ,N2
2451,超過,ちょうか,N2
2452,幼稚園,ようちえん,N2
2453,日日,ひにち,N2
2454,学術,がくじゅつ,N2
2455,農薬,のうやく,N2
2456,一斉,いっせい,N2
2457,,だいいち,N2
2458,推定,すいてい,N2
2459,商社,しょうしゃ,N2
2460,中旬,ちゅうじゅん,N2
2461,往復,おうふく,N2
2462,見出し,みだし,N2
2463,神話,しんわ,N2
2464,寸法,すんぽう,N2
2465,下旬,げじゅん,N2
2466,余所,よそ,N2
2467,手前,てまえ,N2
2468,名刺,めいし,N2
2469,実物,じつぶつ,N2
2470,点数,てんすう,N2
2471,身分,みぶん,N2
2472,素直,すなお,N2
2473,上り,のぼり,N2
2474,通貨,つうか,N2
2475,紫,むらさき,N2
2476,的確,てきかく,N2
2477,敷地,しきち,N2
2478,水素,すいそ,N2
2479,地帯,ちたい,N2
2480,,おととし,N2
2481,心身,しんしん,N2
2482,執筆,しっぴつ,N2
2483,文芸,ぶんげい,N2
2484,平野,へいや,N2
2485,内科,ないか,N2
2486,地味,じみ,N2
2487,締切,しめきり,N2
2488,書道,しょどう,N2
2489,無限,むげん,N2
2490,学年,がくねん,N2
2491,応用,おうよう,N2
2492,濃度,のうど,N2
2493,表紙,ひょうし,N2
2494,団地,だんち,N2
2495,役所,やくしょ,N2
2496,水産,すいさん,N2
2497,基盤,きばん,N2
2498,彫刻,ちょうこく,N2
2499,気配,けはい,N2
2500,分解,ぶんかい,N2
2501,矛盾,むじゅん,N2
2502,上級,じょうきゅう,N2
2503,日用品,にちようひん,N2
2504,賞金,しょうきん,N2
2505,派手,はで,N2
2506,神様,かみさま,N2
2507,公害,こうがい,N2
2508,農村,のうそん,N2
2509,,モダン,N2
2510,南極,なんきょく,N2
2511,死体,したい,N2
2512,清掃,せいそう,N2
2513,摩擦,まさつ,N2
2514,活字,かつじ,N2
2515,理科,りか,N2
2516,教養,きょうよう,N2
2517,課税,かぜい,N2
2518,縮小,しゅくしょう,N2
2519,園芸,えんげい,N2
2520,無地,むじ,N2
2521,並行,へいこう,N2
2522,気圧,きあつ,N2
2523,湯飲み,ゆのみ,N2
2524,強引,ごういん,N2
2525,過半数,かはんすう,N2
2526,,インタビュー,N2
2527,役者,やくしゃ,N2
2528,液体,えきたい,N2
2529,強気,つよき,N2
2530,確率,かくりつ,N2
2531,月末,げつまつ,N2
2532,広さ,ひろさ,N2
2533,苦情,くじょう,N2
2534,相違,そうい,N2
2535,自衛,じえい,N2
2536,中途,ちゅうと,N2
2537,原産,げんさん,N2
2538,名所,めいしょ,N2
2539,名物,めいぶつ,N2
2540,冠,かんむり,N2
2541,灰色,はいいろ,N2
2542,造船,ぞうせん,N2
2543,拡張,かくちょう,N2
2544,南米,なんべい,N2
2545,井戸,いど,N2
2546,再三,さいさん,N2
2547,人造,じんぞう,N2
2548,相撲,すもう,N2
2549,薬品,やくひん,N2
2550,貨物,かもつ,N2
2551,間接,かんせつ,N2
2552,司会,しかい,N2
2553,録音,ろくおん,N2
2554,将棋,しょうぎ,N2
2555,発射,はっしゃ,N2
2556,感激,かんげき,N2
2557,満点,まんてん,N2
2558,慶び,よろこび,N2
2559,別々,べつべつ,N2
2560,原始,げんし,N2
2561,欄,らん,N2
2562,時速,じそく,N2
2563,方言,ほうげん,N2
2564,冷凍,れいとう,N2
2565,直線,ちょくせん,N2
2566,行列,ぎょうれつ,N2
2567,売行き,うれゆき,N2
2568,在学,ざいがく,N2
2569,漁業,ぎょぎょう,N2
2570,血圧,けつあつ,N2
2571,原稿,げんこう,N2
2572,増大,ぞうだい,N2
2573,列島,れっとう,N2
2574,真空,しんくう,N2
2575,中世,ちゅうせい,N2
2576,農産物,のうさんぶつ,N2
2577,満員,まんいん,N2
2578,各自,かくじ,N2
2579,重力,じゅうりょく,N2
2580,過失,かしつ,N2
2581,粒,つぶ,N2
2582,枚数,まいすう,N2
2583,利害,りがい,N2
2584,下町,したまち,N2
2585,後輩,こうはい,N2
2586,学力,がくりょく,N2
2587,酸性,さんせい,N2
2588,助教授,じょきょうじゅ,N2
2589,通訳,つうやく,N2
2590,俳句,はいく,N2
2591,記号,きごう,N2
2592,線路,せんろ,N2
2593,公務,こうむ,N2
2594,果実,かじつ,N2
2595,電球,でんきゅう,N2
2596,通路,つうろ,N2
2597,武士,ぶし,N2
2598,社説,しゃせつ,N2
2599,官庁,かんちょう,N2
2600,明き,あき,N2
2601,儀式,ぎしき,N2
2602,電流,でんりゅう,N2
2603,,プリント,N2
2604,公衆,こうしゅう,N2
2605,圧縮,あっしゅく,N2
2606,夕刊,ゆうかん,N2
2607,洗剤,せんざい,N2
2608,出入り,でいり,N2
2609,宴会,えんかい,N2
2610,鑑賞,かんしょう,N2
2611,休息,きゅうそく,N2
2612,安易,あんい,N2
2613,余計,よけい,N2
2614,流域,りゅういき,N2
2615,役人,やくにん,N2
2616,家屋,かおく,N2
2617,地盤,じばん,N2
2618,役目,やくめ,N2
2619,上旬,じょうじゅん,N2
2620,循環,じゅんかん,N2
2621,判事,はんじ,N2
2622,水曜,すいよう,N2
2623,地名,ちめい,N2
2624,出勤,しゅっきん,N2
2625,足跡,あしあと,N2
2626,恩恵,おんけい,N2
2627,侵入,しんにゅう,N2
2628,小遣い,こづかい,N2
2629,架空,かくう,N2
2630,実習,じっしゅう,N2
2631,頂点,ちょうてん,N2
2632,貸し出し,かしだし,N2
2633,索引,さくいん,N2
2634,弱点,じゃくてん,N2
2635,乗車,じょうしゃ,N2
2636,膨大,ぼうだい,N2
2637,童話,どうわ,N2
2638,山林,さんりん,N2
2639,応接,おうせつ,N2
2640,厳重,げんじゅう,N2
2641,長短,ちょうたん,N2
2642,校舎,こうしゃ,N2
2643,内線,ないせん,N2
2644,月日,つきひ,N2
2645,車庫,しゃこ,N2
2646,拡充,かくじゅう,N2
2647,要旨,ようし,N2
2648,適確,てきかく,N2
2649,筆者,ひっしゃ,N2
2650,,コース,N2
2651,姓,せい,N2
2652,題名,だいめい,N2
2653,発揮,はっき,N2
2654,開通,かいつう,N2
2655,噴火,ふんか,N2
2656,私鉄,してつ,N2
2657,,ついで,N2
2658,文房具,ぶんぼうぐ,N2
2659,無数,むすう,N2
2660,要領,ようりょう,N2
2661,目下,めした,N2
2662,,ワンピース,N2
2663,庖丁,ほうちょう,N2
2664,過剰,かじょう,N2
2665,税関,ぜいかん,N2
2666,客席,きゃくせき,N2
2667,堀,ほり,N2
2668,両側,りょうがわ,N2
2669,可決,かけつ,N2
2670,月給,げっきゅう,N2
2671,学級,がっきゅう,N2
2672,引分け,ひきわけ,N2
2673,汁,しる,N2
2674,真っ白,まっしろ,N2
2675,浴衣,ゆかた,N2
2676,総理大臣,そうりだいじん,N2
2677,女房,にょうぼう,N2
2678,物置,ものおき,N2
2679,真っ先,まっさき,N2
2680,毛皮,けがわ,N2
2681,銅,どう,N2
2682,郵送,ゆうそう,N2
2683,間隔,かんかく,N2
2684,薬局,やっきょく,N2
2685,親類,しんるい,N2
2686,牧場,ぼくじょう,N2
2687,盗難,とうなん,N2
2688,短編,たんぺん,N2
2689,真っ暗,まっくら,N2
2690,蒸気,じょうき,N2
2691,温室,おんしつ,N2
2692,地下水,ちかすい,N2
2693,停電,ていでん,N2
2694,特長,とくちょう,N2
2695,風船,ふうせん,N2
2696,大木,たいぼく,N2
2697,下水,げすい,N2
2698,材木,ざいもく,N2
2699,紅葉,こうよう,N2
2700,子孫,しそん,N2
2701,投書,とうしょ,N2
2702,和服,わふく,N2
2703,口実,こうじつ,N2
2704,別荘,べっそう,N2
2705,勝敗,しょうはい,N2
2706,先祖,せんぞ,N2
2707,人命,じんめい,N2
2708,持参,じさん,N2
2709,実例,じつれい,N2
2710,長方形,ちょうほうけい,N2
2711,只,ただ,N2
2712,望遠鏡,ぼうえんきょう,N2
2713,法則,ほうそく,N2
2714,功績,こうせき,N2
2715,瓦,かわら,N2
2716,調味料,ちょうみりょう,N2
2717,加熱,かねつ,N2
2718,重体,じゅうたい,N2
2719,盆,ぼん,N2
2720,長所,ちょうしょ,N2
2721,通用,つうよう,N2
2722,測量,そくりょう,N2
2723,日帰り,ひがえり,N2
2724,筆記,ひっき,N2
2725,応対,おうたい,N2
2726,,バンド,N2
2727,光線,こうせん,N2
2728,個体,こたい,N2
2729,手首,てくび,N2
2730,群れ,むれ,N2
2731,湿度,しつど,N2
2732,不通,ふつう,N2
2733,,オイル,N2
2734,受取,うけとり,N2
2735,並木,なみき,N2
2736,規律,きりつ,N2
2737,街角,まちかど,N2
2738,乗換,のりかえ,N2
2739,手頃,てごろ,N2
2740,閉会,へいかい,N2
2741,太鼓,たいこ,N2
2742,花嫁,はなよめ,N2
2743,直通,ちょくつう,N2
2744,住まい,すまい,N2
2745,,テーマ,N2
2746,親指,おやゆび,N2
2747,消毒,しょうどく,N2
2748,関東,かんとう,N2
2749,案外,あんがい,N2
2750,溶岩,ようがん,N2
2751,杉,すぎ,N2
2752,催し,もよおし,N2
2753,車輪,しゃりん,N2
2754,踏切,ふみきり,N2
2755,兵隊,へいたい,N2
2756,標識,ひょうしき,N2
2757,賞品,しょうひん,N2
2758,売店,ばいてん,N2
2759,,レンズ,N2
2760,日の出,ひので,N2
2761,伝記,でんき,N2
2762,,スタート,N2
2763,生長,せいちょう,N2
2764,休養,きゅうよう,N2
2765,換気,かんき,N2
2766,淡水,たんすい,N2
2767,出入口,でいりぐち,N2
2768,破片,はへん,N2
2769,効力,こうりょく,N2
2770,書留,かきとめ,N2
2771,遊園地,ゆうえんち,N2
2772,葬式,そうしき,N2
2773,,ハンドル,N2
2774,文体,ぶんたい,N2
2775,交通機関,こうつうきかん,N2
2776,初旬,しょじゅん,N2
2777,巡査,じゅんさ,N2
2778,娯楽,ごらく,N2
2779,免税,めんぜい,N2
2780,抽象,ちゅうしょう,N2
2781,唇,くちびる,N2
2782,見本,みほん,N2
2783,曲線,きょくせん,N2
2784,採点,さいてん,N2
2785,留守番,るすばん,N2
2786,素質,そしつ,N2
2787,傑作,けっさく,N2
2788,頭脳,ずのう,N2
2789,対照,たいしょう,N2
2790,貯蔵,ちょぞう,N2
2791,祖先,そせん,N2
2792,垂直,すいちょく,N2
2793,停車,ていしゃ,N2
2794,地質,ちしつ,N2
2795,皮肉,ひにく,N2
2796,寮,りょう,N2
2797,改札,かいさつ,N2
2798,紙幣,しへい,N2
2799,昼寝,ひるね,N2
2800,口紅,くちべに,N2
2801,算数,さんすう,N2
2802,孝行,こうこう,N2
2803,社会科学,しゃかいかがく,N2
2804,英和,えいわ,N2
2805,,ダイヤモンド,N2
2806,塊,かたまり,N2
2807,図鑑,ずかん,N2
2808,,ひゃっかじてん,N2
2809,卒直,そっちょく,N2
2810,通帳,つうちょう,N2
2811,赤道,せきどう,N2
2812,問答,もんどう,N2
2813,組合せ,くみあわせ,N2
2814,植木,うえき,N2
2815,墨,すみ,N2
2816,容積,ようせき,N2
2817,缶詰,かんづめ,N2
2818,集金,しゅうきん,N2
2819,脂,あぶら,N2
2820,運河,うんが,N2
2821,自然科学,しぜんかがく,N2
2822,絵の具,えのぐ,N2
2823,白髪,しらが,N2
2824,灯油,とうゆ,N2
2825,転々,てんてん,N2
2826,,タイア,N2
2827,生年月日,せいねんがっぴ,N2
2828,観念,かんねん,N2
2829,,ステージ,N2
2830,漁師,りょうし,N2
2831,半径,はんけい,N2
2832,出来上がり,できあがり,N2
2833,乾電池,かんでんち,N2
2834,増減,ぞうげん,N2
2835,酢,す,N2
2836,,ナイロン,N2
2837,貝,かい,N2
2838,,エプロン,N2
2839,紺,こん,N2
2840,万歳,ばんざい,N2
2841,垣根,かきね,N2
2842,鈴,すず,N2
2843,吐き気,はきけ,N2
2844,滝,たき,N2
2845,輸血,ゆけつ,N2
2846,受話器,じゅわき,N2
2847,機関車,きかんしゃ,N2
2848,格別,かくべつ,N2
2849,,あかんぼう,N2
2850,金魚,きんぎょ,N2
2851,炭鉱,たんこう,N2
2852,能率,のうりつ,N2
2853,謙虚,けんきょ,N2
2854,王女,おうじょ,N2
2855,,レベル,N2
2856,民謡,みんよう,N2
2857,綱,つな,N2
2858,,スマート,N2
2859,,バランス,N2
2860,座敷,ざしき,N2
2861,重役,じゅうやく,N2
2862,片道,かたみち,N2
2863,家主,やぬし,N2
2864,北極,ほっきょく,N2
2865,大通り,おおどおり,N2
2866,,トレーニング,N2
2867,小指,こゆび,N2
2868,分量,ぶんりょう,N2
2869,出迎え,でむかえ,N2
2870,消耗,しょうもう,N2
2871,校庭,こうてい,N2
2872,仲良し,なかよし,N2
2873,酒場,さかば,N2
2874,郡,ぐん,N2
2875,乱暴,らんぼう,N2
2876,近々,ちかぢか,N2
2877,中性,ちゅうせい,N2
2878,当番,とうばん,N2
2879,目次,もくじ,N2
2880,図形,ずけい,N2
2881,吹雪,ふぶき,N2
2882,鐘,かね,N2
2883,正門,せいもん,N2
2884,歌謡,かよう,N2
2885,標本,ひょうほん,N2
2886,,ランニング,N2
2887,思いっ切り,おもいっきり,N2
2888,田植え,たうえ,N2
2889,目印,めじるし,N2
2890,湿気,しっけ,N2
2891,空想,くうそう,N2
2892,正方形,せいほうけい,N2
2893,歯車,はぐるま,N2
2894,献立,こんだて,N2
2895,代名詞,だいめいし,N2
2896,差し引き,さしひき,N2
2897,顕微鏡,けんびきょう,N2
2898,起床,きしょう,N2
2899,不規則,ふきそく,N2
2900,障子,しょうじ,N2
2901,断定,だんてい,N2
2902,順序,じゅんじょ,N2
2903,食塩,しょくえん,N2
2904,,リボン,N2
2905,不運,ふうん,N2
2906,初級,しょきゅう,N2
2907,,ネックレス,N2
2908,領事,りょうじ,N2
2909,日当たり,ひあたり,N2
2910,手洗い,てあらい,N2
2911,工員,こういん,N2
2912,恨み,うらみ,N2
2913,日課,にっか,N2
2914,陽射,ひざし,N2
2915,床の間,とこのま,N2
2916,早口,はやくち,N2
2917,鉢,はち,N2
2918,碁,ご,N2
2919,西暦,せいれき,N2
2920,雑音,ざつおん,N2
2921,坊さん,ぼうさん,N2
2922,看病,かんびょう,N2
2923,磁石,じしゃく,N2
2924,夜行,やこう,N2
2925,苦心,くしん,N2
2926,,マフラー,N2
2927,蛇口,じゃぐち,N2
2928,方程式,ほうていしき,N2
2929,着替え,きがえ,N2
2930,断水,だんすい,N2
2931,定期券,ていきけん,N2
2932,鉱物,こうぶつ,N2
2933,蛍光灯,けいこうとう,N2
2934,,ゴム,N2
2935,油断,ゆだん,N2
2936,遠足,えんそく,N2
2937,乾杯,かんぱい,N2
2938,峠,とうげ,N2
2939,座布団,ざぶとん,N2
2940,栓,せん,N2
2941,快晴,かいせい,N2
2942,羊毛,ようもう,N2
2943,明け方,あけがた,N2
2944,,シーズン,N2
2945,特売,とくばい,N2
2946,虹,にじ,N2
2947,車掌,しゃしょう,N2
2948,夕日,ゆうひ,N2
2949,図表,ずひょう,N2
2950,,ファスナー,N2
2951,作製,さくせい,N2
2952,合流,ごうりゅう,N2
2953,人通り,ひとどおり,N2
2954,終点,しゅうてん,N2
2955,殻,から,N2
2956,寝台,しんだい,N2
2957,,ナンバー,N2
2958,瞳,ひとみ,N2
2959,生け花,いけばな,N2
2960,住居,すまい,N2
2961,枕,まくら,N2
2962,勘違い,かんちがい,N2
2963,芯,しん,N2
2964,各地,かくち,N2
2965,電柱,でんちゅう,N2
2966,随筆,ずいひつ,N2
2967,,マンション,N2
2968,釜,かま,N2
2969,至急,しきゅう,N2
2970,日陰,ひかげ,N2
2971,,ランチ,N2
2972,丼,どんぶり,N2
2973,送別,そうべつ,N2
2974,文脈,ぶんみゃく,N2
2975,,カーペット,N2
2976,平気,へいき,N2
2977,,ウール,N2
2978,,スライド,N2
2979,餅,もち,N2
2980,,チップ,N2
2981,箸,はし,N2
2982,岬,みさき,N2
2983,海水浴,かいすいよく,N2
2984,貸家,かしや,N2
2985,加速度,かそくど,N2
2986,茶碗,ちゃわん,N2
2987,鉄砲,てっぽう,N2
2988,好き嫌い,すききらい,N2
2989,便所,べんじょ,N2
2990,気体,きたい,N2
2991,,マスク,N2
2992,,スクール,N2
2993,歯磨き,はみがき,N2
2994,末っ子,すえっこ,N2
2995,見掛け,みかけ,N2
2996,写生,しゃせい,N2
2997,複写,ふくしゃ,N2
2998,爪,つめ,N2
2999,四角,しかく,N2
3000,,レジャー,N2
3001,鉄橋,てっきょう,N2
3002,領収,りょうしゅう,N2
3003,煙突,えんとつ,N2
3004,言葉遣い,ことばづかい,N2
3005,恐縮,きょうしゅく,N2
3006,,ポスター,N2
3007,五十音,ごじゅうおん,N2
3008,空っぽ,からっぽ,N2
3009,下駄,げた,N2
3010,扇風機,せんぷうき,N2
3011,交差,こうさ,N2
3012,定休日,ていきゅうび,N2
3013,修繕,しゅうぜん,N2
3014,,プラスチック,N2
3015,灯台,とうだい,N2
3016,裏口,うらぐち,N2
3017,,サンプル,N2
3018,体積,たいせき,N2
3019,再来年,さらいねん,N2
3020,独り言,ひとりごと,N2
3021,心当たり,こころあたり,N2
3022,水蒸気,すいじょうき,N2
3023,,ダイヤル,N2
3024,和英,わえい,N2
3025,編物,あみもの,N2
3026,平凡,へいぼん,N2
3027,正味,しょうみ,N2
3028,所々,ところどころ,N2
3029,包帯,ほうたい,N2
3030,温帯,おんたい,N2
3031,,パターン,N2
3032,,プログラム,N2
3033,災難,さいなん,N2
3034,方角,ほうがく,N2
3035,,モーター,N2
3036,短所,たんしょ,N2
3037,盆地,ぼんち,N2
3038,,サークル,N2
3039,,マラソン,N2
3040,,コンセント,N2
3041,真っ青,まっさお,N2
3042,省略,しょうりゃく,N2
3043,醤油,しょうゆ,N2
3044,艶,つや,N2
3045,毛糸,けいと,N2
3046,敬語,けいご,N2
3047,,アンテナ,N2
3048,逆さ,さかさ,N2
3049,中指,なかゆび,N2
3050,,ミリ,N2
3051,扇子,せんす,N2
3052,人文科学,じんぶんかがく,N2
3053,時間割,じかんわり,N2
3054,針金,はりがね,N2
3055,習字,しゅうじ,N2
3056,,おかず,N2
3057,衣食住,いしょくじゅう,N2
3058,,あくび,N2
3059,蚊,か,N2
3060,下品,げひん,N2
3061,,たんす,N2
3062,目上,めうえ,N2
3063,噴水,ふんすい,N2
3064,回数券,かいすうけん,N2
3065,仮定,かてい,N2
3066,蓋,ふた,N2
3067,三日月,みかづき,N2
3068,等分,とうぶん,N2
3069,耕地,こうち,N2
3070,,ビニール,N2
3071,,あいまい,N2
3072,,メーター,N2
3073,稽古,けいこ,N2
3074,激増,げきぞう,N2
3075,専制,せんせい,N2
3076,目覚し,めざまし,N2
3077,水平線,すいへいせん,N2
3078,失恋,しつれん,N2
3079,幾分,いくぶん,N2
3080,熟語,じゅくご,N2
3081,針路,しんろ,N2
3082,形容詞,けいようし,N2
3083,売り切れ,うりきれ,N2
3084,毎度,まいど,N2
3085,,センチ,N2
3086,坊や,ぼうや,N2
3087,羽根,はね,N2
3088,直角,ちょっかく,N2
3089,,ブラシ,N2
3090,損得,そんとく,N2
3091,同格,どうかく,N2
3092,,おおざっぱ,N2
3093,,スピーカー,N2
3094,肌着,はだぎ,N2
3095,番地,ばんち,N2
3096,石鹸,せっけん,N2
3097,,アイデア,N2
3098,,レインコート,N2
3099,水滴,すいてき,N2
3100,直流,ちょくりゅう,N2
3101,,スケジュール,N2
3102,,ブラウス,N2
3103,,おととい,N2
3104,物騒,ぶっそう,N2
3105,,クリーニング,N2
3106,蒸発,じょうはつ,N2
3107,,あれこれ,N2
3108,純情,じゅんじょう,N2
3109,引力,いんりょく,N2
3110,,クーラー,N2
3111,定規,じょうぎ,N2
3112,炊事,すいじ,N2
3113,火傷,やけど,N2
3114,,うどん,N2
3115,お参り,おまいり,N2
3116,緯度,いど,N2
3117,,ロッカー,N2
3118,差し支え,さしつかえ,N2
3119,幼稚,ようち,N2
3120,符号,ふごう,N2
3121,雨戸,あまど,N2
3122,催促,さいそく,N2
3123,足袋,たび,N2
3124,,リットル,N2
3125,腰掛け,こしかけ,N2
3126,,フライパン,N2
3127,脱線,だっせん,N2
3128,下書き,したがき,N2
3129,,シーツ,N2
3130,意地悪,いじわる,N2
3131,,マイナス,N2
3132,,ダム,N2
3133,,アクセント,N2
3134,水筒,すいとう,N2
3135,蕎麦,そば,N2
3136,一通り,ひととおり,N2
3137,楕円,だえん,N2
3138,湯気,ゆげ,N2
3139,,ストップ,N2
3140,速達,そくたつ,N2
3141,不潔,ふけつ,N2
3142,何分,なにぶん,N2
3143,迷信,めいしん,N2
3144,,リズム,N2
3145,,のこぎり,N2
3146,回り道,まわりみち,N2
3147,,コンクリート,N2
3148,,シャッター,N2
3149,,アイディア,N2
3150,伝染,でんせん,N2
3151,養分,ようぶん,N2
3152,入れ物,いれもの,N2
3153,,ロビー,N2
3154,偶数,ぐうすう,N2
3155,自習,じしゅう,N2
3156,,スカーフ,N2
3157,,キャンパス,N2
3158,,いちいち,N2
3159,,ビタミン,N2
3160,始終,しじゅう,N2
3161,裁縫,さいほう,N2
3162,判子,はんこ,N2
3163,船便,ふなびん,N2
3164,,ボーナス,N2
3165,落第,らくだい,N2
3166,,カセット,N2
3167,,おやつ,N2
3168,片仮名,かたかな,N2
3169,,めちゃくちゃ,N2
3170,,カーブ,N2
3171,薬指,くすりゆび,N2
3172,,ミシン,N2
3173,酔っ払い,よっぱらい,N2
3174,主語,しゅご,N2
3175,,レクリェーション,N2
3176,,カロリー,N2
3177,,インキ,N2
3178,麓,ふもと,N2
3179,,さわやか,N2
3180,,まぶた,N2
3181,,ストッキング,N2
3182,名詞,めいし,N2
3183,,ウーマン,N2
3184,,サラリーマン,N2
3185,個所,かしょ,N2
3186,隙間,すきま,N2
3187,,ブローチ,N2
3188,小便,しょうべん,N2
3189,平仮名,ひらがな,N2
3190,,じゅうたん,N2
3191,,おやすみ,N2
3192,,あらすじ,N2
3193,櫛,くし,N2
3194,,バケツ,N2
3195,糊,のり,N2
3196,戸棚,とだな,N2
3197,落し物,おとしもの,N2
3198,刺身,さしみ,N2
3199,打合せ,うちあわせ,N2
3200,分数,ぶんすう,N2
3201,生意気,なまいき,N2
3202,,コック,N2
3203,,コンクール,N2
3204,お代わり,おかわり,N2
3205,女の人,おんなのひと,N2
3206,飢饉,ききん,N2
3207,,オーケストラ,N2
3208,欲張り,よくばり,N2
3209,,テニスコート,N2
3210,牧畜,ぼくちく,N2
3211,部首,ぶしゅ,N2
3212,夕立,ゆうだち,N2
3213,縞,しま,N2
3214,,ガム,N2
3215,,テンポ,N2
3216,,ベテラン,N2
3217,,おくさん,N2
3218,,チョーク,N2
3219,概論,がいろん,N2
3220,草履,ぞうり,N2
3221,響き,ひびき,N2
3222,,ミリメートル,N2
3223,,ペンチ,N2
3224,,ゼミ,N2
3225,,セメント,N2
3226,,うっかり,N2
3227,,ヘリコプター,N2
3228,経度,けいど,N2
3229,,しっぽ,N2
3230,,コーラス,N2
3231,お出掛け,おでかけ,N2
3232,,ジャーナリスト,N2
3233,,めまい,N2
3234,休講,きゅうこう,N2
3235,,こないだ,N2
3236,,ばね,N2
3237,,プラットホーム,N2
3238,御辞儀,おじぎ,N2
3239,,ビルディング,N2
3240,,ピストル,N2
3241,,ギャング,N2
3242,,モノレール,N2
3243,,へそ,N2
3244,妥当,だとう,N2
3245,,サイレン,N2
3246,円周,えんしゅう,N2
3247,待合室,まちあいしつ,N2
3248,逆様,さかさま,N2
3249,お帰り,おかえり,N2
3250,,おめでたい,N2
3251,点々,てんてん,N2
3252,下線,かせん,N2
3253,,バイバイ,N2
3254,,オーバーコート,N2
3255,,ぺん,N2
3256,,エチケット,N2
3257,,そのころ,N2
3258,,じゃんけん,N2
3259,,スチュワーデス,N2
3260,釘,くぎ,N2
3261,,オルガン,N2
3262,,ぴかぴか,N2
3263,,かるた,N2
3264,真っ黒,まっくろ,N2
3265,,オートメーション,N2
3266,欧米,おうべい,N2
3267,,くしゃみ,N2
3268,,あちらこちら,N2
3269,椀,わん,N2
3270,小数,しょうすう,N2
3271,先程,さきほど,N2
3272,,ウエートレス,N2
3273,道順,みちじゅん,N2
3274,,ぼろ,N2
3275,,ぶつぶつ,N2
3276,何々,なになに,N2
3277,日の入り,ひのいり,N2
3278,お手伝いさん,おてつだいさん,N2
3279,小父さん,おじさん,N2
3280,,でたらめ,N2
3281,斜,はす,N2
3282,人差指,ひとさしゆび,N2
3283,蝋燭,ろうそく,N2
3284,整数,せいすう,N2
3285,御免,ごめん,N2
3286,必需品,ひつじゅひん,N2
3287,,ラッシュアワー,N2
3288,物差し,ものさし,N2
3289,四捨五入,ししゃごにゅう,N2
3290,句読点,くとうてん,N2
3291,好き好き,すきずき,N2
3292,,しゃっくり,N2
3293,火口,かこう,N2
3294,店屋,みせや,N2
3295,折角,せっかく,N2
3296,書取,かきとり,N2
3297,肘,ひじ,N2
3298,風呂敷,ふろしき,N2
3299,繋がり,つながり,N2
3300,洒落,しゃれ,N2
3301,速力,そくりょく,N2
3302,床屋,とこや,N2
3303,客間,きゃくま,N2
3304,襖,ふすま,N2
3305,,のろのろ,N2
3306,田ぼ,たんぼ,N2
3307,祭日,さいじつ,N2
3308,仲直り,なかなおり,N2
3309,,ローマじ,N2
3310,寝巻,ねまき,N2
3311,先々月,せんせんげつ,N2
3312,凸凹,でこぼこ,N2
3313,引算,ひきざん,N2
3314,寝間着,ねまき,N2
3315,御中,おんちゅう,N2
3316,仮名,かな,N2
3317,先々週,せんせんしゅう,N2
3318,瀬戸物,せともの,N2
3319,一休み,ひとやすみ,N2
3320,姪,めい,N2
3321,突き当たり,つきあたり,N2
3322,単数,たんすう,N2
3323,再来週,さらいしゅう,N2
3324,洋品店,ようひんてん,N2
3325,梯子,はしご,N2
3326,消防署,しょうぼうしょ,N2
3327,清書,せいしょ,N2
3328,胡椒,こしょう,N2
3329,割算,わりざん,N2
3330,伯父さん,おじさん,N2
3331,掛け算,かけざん,N2
3332,,ダイヤグラム,N2
3333,碗,わん,N2
3334,卑怯,ひきょう,N2
3335,叔父さん,おじさん,N2
3336,大層,たいそう,N2
3337,従姉妹,いとこ,N2
3338,零点,れいてん,N2
3339,宛名,あてな,N2
3340,再来月,さらいげつ,N2
3341,,しあさって,N2
3342,桁,けた,N2
3343,算盤,そろばん,N2
3344,坊っちゃん,ぼっちゃん,N2
3345,溜息,ためいき,N2
3346,俄,にわか,N2
3347,匙,さじ,N2
3348,漢和,かんわ,N2
3349,副詞,ふくし,N2
3350,述語,じゅつご,N2
3351,銘々,めいめい,N2
3352,四つ角,よつかど,N2
3353,瓶詰,びんづめ,N2
3354,傾らか,なだらか,N2
3355,仮名遣い,かなづかい,N2
3356,順々,じゅんじゅん,N2
3357,,さきおととい,N2
3358,手拭い,てぬぐい,N2
3359,御馳走,ごちそう,N2
3360,便箋,びんせん,N2
3361,雑巾,ぞうきん,N2
3362,剃刀,そり,N2
3363,錆,さび,N2
3364,謙遜,けんそん,N2
3365,煉瓦,れんが,N2
3366,振り仮名,ふりがな,N2
3367,屑,くず,N2
3368,括弧,かっこ,N2
3369,御手洗い,おてあらい,N2
3370,呑気,のんき,N2
3371,送り仮名,おくりがな,N2
3372,無沙汰,ぶさた,N2
3373,御無沙汰,ごぶさた,N2
3374,薬缶,やかん,N2
3375,秤,はかり,N2
3376,髭,ひげ,N2
3377,形容動詞,けいようどうし,N2
3378,貸間,かしま,N2
3379,寒帯,かんたい,N2
3380,箒,ほうき,N2
3381,紙屑,かみくず,N2
3382,謎謎,なぞなぞ,N2
3383,佚,いつ,N2
3384,塵芥,ちりあくた,N2
3385,塵紙,ちりがみ,N2
3386,掏摸,すり,N2
3387,×,ばつ,N2
3388,対応,たいおう,N1
3389,方式,ほうしき,N1
3390,提供,ていきょう,N1
3391,工作,こうさく,N1
3392,登録,とうろく,N1
3393,保障,ほしょう,N1
3394,素材,そざい,N1
3395,自己,じこ,N1
3396,介護,かいご,N1
3397,加入,かにゅう,N1
3398,用品,ようひん,N1
3399,限定,げんてい,N1
3400,在庫,ざいこ,N1
3401,購入,こうにゅう,N1
3402,仕様,しよう,N1
3403,支持,しじ,N1
3404,付き,つき,N1
3405,詳細,しょうさい,N1
3406,専用,せんよう,N1
3407,正規,せいき,N1
3408,掲載,けいさい,N1
3409,便宜,べんぎ,N1
3410,株式,かぶしき,N1
3411,勧め,すすめ,N1
3412,業務,ぎょうむ,N1
3413,加工,かこう,N1
3414,割引き,わりびき,N1
3415,届け,とどけ,N1
3416,総合,そうごう,N1
3417,特集,とくしゅう,N1
3418,設定,せってい,N1
3419,一部,いちぶ,N1
3420,保護,ほご,N1
3421,了承,りょうしょう,N1
3422,通常,つうじょう,N1
3423,分配,ぶんぱい,N1
3424,公開,こうかい,N1
3425,採用,さいよう,N1
3426,本体,ほんたい,N1
3427,開催,かいさい,N1
3428,消息,しょうそく,N1
3429,品質,ひんしつ,N1
3430,事業,じぎょう,N1
3431,,バー,N1
3432,,サイズ,N1
3433,,ポイント,N1
3434,,メーカー,N1
3435,,デザイン,N1
3436,,ブルー,N1
3437,,クラブ,N1
3438,,アップ,N1
3439,一切,いっさい,N1
3440,黄金,おうごん,N1
3441,第一,だいいち,N1
3442,不明,ふめい,N1
3443,威力,いりょく,N1
3444,政策,せいさく,N1
3445,本文,ほんぶん,N1
3446,,コメント,N1
3447,付属,ふぞく,N1
3448,切り,きり,N1
3449,声明,せいめい,N1
3450,生理,せいり,N1
3451,携帯,けいたい,N1
3452,,セール,N1
3453,了解,りょうかい,N1
3454,設置,せっち,N1
3455,展示,てんじ,N1
3456,規約,きやく,N1
3457,人民,じんみん,N1
3458,天,てん,N1
3459,施設,しせつ,N1
3460,位地,いち,N1
3461,運営,うんえい,N1
3462,雑貨,ざっか,N1
3463,事項,じこう,N1
3464,開発,かいはつ,N1
3465,固定,こてい,N1
3466,文,ふみ,N1
3467,背景,はいけい,N1
3468,字,あざ,N1
3469,正常,せいじょう,N1
3470,取り扱い,とりあつかい,N1
3471,行,ぎょう,N1
3472,作,さく,N1
3473,初,はつ,N1
3474,体験,たいけん,N1
3475,提示,ていじ,N1
3476,住,じゅう,N1
3477,美,び,N1
3478,発生,はっせい,N1
3479,振り,ふり,N1
3480,玩具,おもちゃ,N1
3481,区,く,N1
3482,高,たか,N1
3483,不良,ふりょう,N1
3484,行政,ぎょうせい,N1
3485,地方,じかた,N1
3486,号,ごう,N1
3487,企画,きかく,N1
3488,器,うつわ,N1
3489,照明,しょうめい,N1
3490,商,しょう,N1
3491,日々,ひび,N1
3492,気軽,きがる,N1
3493,名称,めいしょう,N1
3494,死,し,N1
3495,作用,さよう,N1
3496,版,はん,N1
3497,,グレー,N1
3498,挑戦,ちょうせん,N1
3499,内部,ないぶ,N1
3500,教え,おしえ,N1
3501,形成,けいせい,N1
3502,了,りょう,N1
3503,仕上げ,しあげ,N1
3504,映像,えいぞう,N1
3505,再生,さいせい,N1
3506,系,けい,N1
3507,持ち,もち,N1
3508,作り,つくり,N1
3509,演出,えんしゅつ,N1
3510,出演,しゅつえん,N1
3511,規格,きかく,N1
3512,,カテゴリー,N1
3513,向上,こうじょう,N1
3514,投資,とうし,N1
3515,経過,けいか,N1
3516,交易,こうえき,N1
3517,向け,むけ,N1
3518,根本,こんぽん,N1
3519,真相,しんそう,N1
3520,掛け,かけ,N1
3521,記載,きさい,N1
3522,保険,ほけん,N1
3523,世,よ,N1
3524,英雄,えいゆう,N1
3525,戦,いくさ,N1
3526,出産,しゅっさん,N1
3527,像,ぞう,N1
3528,距離,きょり,N1
3529,,システム,N1
3530,基金,ききん,N1
3531,業者,ぎょうしゃ,N1
3532,青春,せいしゅん,N1
3533,制,せい,N1
3534,出品,しゅっぴん,N1
3535,答え,こたえ,N1
3536,世代,せだい,N1
3537,討論,とうろん,N1
3538,網,あみ,N1
3539,申し込み,もうしこみ,N1
3540,調理,ちょうり,N1
3541,事前,じぜん,N1
3542,自信,じしん,N1
3543,改革,かいかく,N1
3544,獲得,かくとく,N1
3545,民族,みんぞく,N1
3546,不動産,ふどうさん,N1
3547,負担,ふたん,N1
3548,協会,きょうかい,N1
3549,機構,きこう,N1
3550,治療,ちりょう,N1
3551,同意,どうい,N1
3552,衣装,いしょう,N1
3553,心情,しんじょう,N1
3554,資格,しかく,N1
3555,独自,どくじ,N1
3556,読者,どくしゃ,N1
3557,動き,うごき,N1
3558,源,みなもと,N1
3559,児,こ,N1
3560,突破,とっぱ,N1
3561,,ビジネス,N1
3562,期,き,N1
3563,画,かく,N1
3564,遣い,つかい,N1
3565,進行,しんこう,N1
3566,新人,しんじん,N1
3567,行い,おこない,N1
3568,確定,かくてい,N1
3569,丈,たけ,N1
3570,本格,ほんかく,N1
3571,成果,せいか,N1
3572,調べ,しらべ,N1
3573,科,か,N1
3574,制服,せいふく,N1
3575,配置,はいち,N1
3576,不在,ふざい,N1
3577,曲,きょく,N1
3578,過ぎ,すぎ,N1
3579,確保,かくほ,N1
3580,崩壊,ほうかい,N1
3581,悩み,なやみ,N1
3582,良好,りょうこう,N1
3583,大幅,おおはば,N1
3584,通,つう,N1
3585,個性,こせい,N1
3586,現地,げんち,N1
3587,若干,じゃっかん,N1
3588,認識,にんしき,N1
3589,処分,しょぶん,N1
3590,電源,でんげん,N1
3591,群,ぐん,N1
3592,思考,しこう,N1
3593,解除,かいじょ,N1
3594,所在,しょざい,N1
3595,保管,ほかん,N1
3596,行為,こうい,N1
3597,導入,どうにゅう,N1
3598,規模,きぼ,N1
3599,優先,ゆうせん,N1
3600,衛生,えいせい,N1
3601,床,とこ,N1
3602,主演,しゅえん,N1
3603,赤ちゃん,あかちゃん,N1
3604,補助,ほじょ,N1
3605,部門,ぶもん,N1
3606,著名,ちょめい,N1
3607,無線,むせん,N1
3608,運用,うんよう,N1
3609,恋愛,れんあい,N1
3610,報道,ほうどう,N1
3611,地元,じもと,N1
3612,合成,ごうせい,N1
3613,自主,じしゅ,N1
3614,予想,よそう,N1
3615,清算,せいさん,N1
3616,比例,ひれい,N1
3617,取り引き,とりひき,N1
3618,主任,しゅにん,N1
3619,感染,かんせん,N1
3620,要望,ようぼう,N1
3621,規定,きてい,N1
3622,個別,こべつ,N1
3623,所属,しょぞく,N1
3624,徒歩,とほ,N1
3625,出生,しゅっしょう,N1
3626,主題,しゅだい,N1
3627,業,ごう,N1
3628,運送,うんそう,N1
3629,反応,はんのう,N1
3630,古代,こだい,N1
3631,緊急,きんきゅう,N1
3632,模型,もけい,N1
3633,充実,じゅうじつ,N1
3634,年生,ねんせい,N1
3635,軍,いくさ,N1
3636,革命,かくめい,N1
3637,公演,こうえん,N1
3638,氏,うじ,N1
3639,無断,むだん,N1
3640,衝撃,しょうげき,N1
3641,取っ手,とって,N1
3642,反発,はんぱつ,N1
3643,設立,せつりつ,N1
3644,効率,こうりつ,N1
3645,編,へん,N1
3646,災害,さいがい,N1
3647,見積り,みつもり,N1
3648,立体,りったい,N1
3649,発言,はつげん,N1
3650,人体,じんたい,N1
3651,釣り,つり,N1
3652,相場,そうば,N1
3653,配布,はいふ,N1
3654,技能,ぎのう,N1
3655,天井,てんじょう,N1
3656,,シート,N1
3657,暴力,ぼうりょく,N1
3658,美術,びじゅつ,N1
3659,一律,いちりつ,N1
3660,傍ら,かたわら,N1
3661,前提,ぜんてい,N1
3662,概念,がいねん,N1
3663,接触,せっしょく,N1
3664,原則,げんそく,N1
3665,民主,みんしゅ,N1
3666,運輸,うんゆ,N1
3667,先行,せんこう,N1
3668,,カット,N1
3669,福,ふく,N1
3670,福祉,ふくし,N1
3671,装備,そうび,N1
3672,派遣,はけん,N1
3673,当たり前,あたりまえ,N1
3674,資金,しきん,N1
3675,著,ちょ,N1
3676,手法,しゅほう,N1
3677,復活,ふっかつ,N1
3678,参照,さんしょう,N1
3679,驚き,おどろき,N1
3680,応募,おうぼ,N1
3681,勝利,しょうり,N1
3682,同士,どうし,N1
3683,文書,ぶんしょ,N1
3684,新築,しんちく,N1
3685,職員,しょくいん,N1
3686,一面,いちめん,N1
3687,和風,わふう,N1
3688,従来,じゅうらい,N1
3689,課題,かだい,N1
3690,指示,しじ,N1
3691,流通,りゅうつう,N1
3692,制定,せいてい,N1
3693,保守,ほしゅ,N1
3694,先に,さきに,N1
3695,取材,しゅざい,N1
3696,達成,たっせい,N1
3697,症,しょう,N1
3698,推進,すいしん,N1
3699,危機,きき,N1
3700,情,じょう,N1
3701,減少,げんしょう,N1
3702,協議,きょうぎ,N1
3703,形態,けいたい,N1
3704,強制,きょうせい,N1
3705,上位,じょうい,N1
3706,入手,にゅうしゅ,N1
3707,,データ,N1
3708,分子,ぶんし,N1
3709,勤務,きんむ,N1
3710,退職,たいしょく,N1
3711,少数,しょうすう,N1
3712,主体,しゅたい,N1
3713,変動,へんどう,N1
3714,会見,かいけん,N1
3715,心地,ここち,N1
3716,,ガイド,N1
3717,司法,しほう,N1
3718,資産,しさん,N1
3719,享受,きょうじゅ,N1
3720,居住,きょじゅう,N1
3721,選挙,せんきょ,N1
3722,作戦,さくせん,N1
3723,,アルミ,N1
3724,有力,ゆうりょく,N1
3725,仕組み,しくみ,N1
3726,富,とみ,N1
3727,軍事,ぐんじ,N1
3728,色彩,しきさい,N1
3729,上演,じょうえん,N1
3730,恐れ,おそれ,N1
3731,規制,きせい,N1
3732,決算,けっさん,N1
3733,現行,げんこう,N1
3734,各,おのおの,N1
3735,格,かく,N1
3736,運賃,うんちん,N1
3737,宣言,せんげん,N1
3738,心中,しんじゅう,N1
3739,育成,いくせい,N1
3740,監視,かんし,N1
3741,投入,とうにゅう,N1
3742,見方,みかた,N1
3743,所得,しょとく,N1
3744,伝説,でんせつ,N1
3745,古,いにしえ,N1
3746,意向,いこう,N1
3747,,オンライン,N1
3748,動向,どうこう,N1
3749,扱い,あつかい,N1
3750,主人公,しゅじんこう,N1
3751,上がり,あがり,N1
3752,,オレンジ,N1
3753,人材,じんざい,N1
3754,野生,やせい,N1
3755,当たり,あたり,N1
3756,好評,こうひょう,N1
3757,復興,ふっこう,N1
3758,走行,そうこう,N1
3759,教材,きょうざい,N1
3760,圧力,あつりょく,N1
3761,向き,むき,N1
3762,体力,たいりょく,N1
3763,疑惑,ぎわく,N1
3764,敏感,びんかん,N1
3765,審査,しんさ,N1
3766,進出,しんしゅつ,N1
3767,実,じつ,N1
3768,主催,しゅさい,N1
3769,尾,お,N1
3770,交渉,こうしょう,N1
3771,正義,せいぎ,N1
3772,勢力,せいりょく,N1
3773,,ダース,N1
3774,公認,こうにん,N1
3775,介入,かいにゅう,N1
3776,悪化,あっか,N1
3777,簡易,かんい,N1
3778,十分,じっぷん,N1
3779,自立,じりつ,N1
3780,回収,かいしゅう,N1
3781,上司,じょうし,N1
3782,理論,りろん,N1
3783,知的,ちてき,N1
3784,受け入れ,うけいれ,N1
3785,武装,ぶそう,N1
3786,収集,しゅうしゅう,N1
3787,自在,じざい,N1
3788,合意,ごうい,N1
3789,殺人,さつじん,N1
3790,本気,ほんき,N1
3791,決勝,けっしょう,N1
3792,当選,とうせん,N1
3793,関税,かんぜい,N1
3794,視点,してん,N1
3795,移民,いみん,N1
3796,志,こころざし,N1
3797,発,はつ,N1
3798,総会,そうかい,N1
3799,立法,りっぽう,N1
3800,看護,かんご,N1
3801,有機,ゆうき,N1
3802,財政,ざいせい,N1
3803,繊維,せんい,N1
3804,統合,とうごう,N1
3805,保育,ほいく,N1
3806,実態,じったい,N1
3807,原作,げんさく,N1
3808,政権,せいけん,N1
3809,防衛,ぼうえい,N1
3810,上昇,じょうしょう,N1
3811,見通し,みとおし,N1
3812,技,わざ,N1
3813,判定,はんてい,N1
3814,分離,ぶんり,N1
3815,野外,やがい,N1
3816,杯,さかずき,N1
3817,判決,はんけつ,N1
3818,燃料,ねんりょう,N1
3819,救援,きゅうえん,N1
3820,秘書,ひしょ,N1
3821,枠,わく,N1
3822,戦闘,せんとう,N1
3823,,ベスト,N1
3824,中継,ちゅうけい,N1
3825,国防,こくぼう,N1
3826,展望,てんぼう,N1
3827,無効,むこう,N1
3828,合わせ,あわせ,N1
3829,,オープン,N1
3830,国土,こくど,N1
3831,領域,りょういき,N1
3832,使命,しめい,N1
3833,,ファン,N1
3834,抑制,よくせい,N1
3835,逆転,ぎゃくてん,N1
3836,情勢,じょうせい,N1
3837,見込み,みこみ,N1
3838,票,ひょう,N1
3839,天地,てんち,N1
3840,不当,ふとう,N1
3841,長官,ちょうかん,N1
3842,促進,そくしん,N1
3843,進化,しんか,N1
3844,本名,ほんみょう,N1
3845,手元,てもと,N1
3846,創造,そうぞう,N1
3847,法案,ほうあん,N1
3848,国連,こくれん,N1
3849,協定,きょうてい,N1
3850,決意,けつい,N1
3851,雇用,こよう,N1
3852,遅れ,おくれ,N1
3853,,マーク,N1
3854,巻,まき,N1
3855,小売,こうり,N1
3856,打開,だかい,N1
3857,公立,こうりつ,N1
3858,破壊,はかい,N1
3859,一連,いちれん,N1
3860,側面,そくめん,N1
3861,得点,とくてん,N1
3862,連盟,れんめい,N1
3863,手軽,てがる,N1
3864,任務,にんむ,N1
3865,赤字,あかじ,N1
3866,結成,けっせい,N1
3867,移行,いこう,N1
3868,改良,かいりょう,N1
3869,兵器,へいき,N1
3870,振興,しんこう,N1
3871,実質,じっしつ,N1
3872,真実,しんじつ,N1
3873,条約,じょうやく,N1
3874,対決,たいけつ,N1
3875,決議,けつぎ,N1
3876,結束,けっそく,N1
3877,捜査,そうさ,N1
3878,園,その,N1
3879,妊娠,にんしん,N1
3880,未定,みてい,N1
3881,土木,どぼく,N1
3882,対話,たいわ,N1
3883,構想,こうそう,N1
3884,何より,なにより,N1
3885,日夜,にちや,N1
3886,単独,たんどく,N1
3887,指摘,してき,N1
3888,比率,ひりつ,N1
3889,融資,ゆうし,N1
3890,幹部,かんぶ,N1
3891,治安,ちあん,N1
3892,用紙,ようし,N1
3893,日頃,ひごろ,N1
3894,改定,かいてい,N1
3895,複合,ふくごう,N1
3896,怒り,いかり,N1
3897,外相,がいしょう,N1
3898,本音,ほんね,N1
3899,神秘,しんぴ,N1
3900,確立,かくりつ,N1
3901,同志,どうし,N1
3902,閲覧,えつらん,N1
3903,放出,ほうしゅつ,N1
3904,選考,せんこう,N1
3905,騒動,そうどう,N1
3906,,キャリア,N1
3907,工学,こうがく,N1
3908,大胆,だいたん,N1
3909,正当,せいとう,N1
3910,迅速,じんそく,N1
3911,武力,ぶりょく,N1
3912,話し合い,はなしあい,N1
3913,提携,ていけい,N1
3914,診療,しんりょう,N1
3915,制裁,せいさい,N1
3916,健全,けんぜん,N1
3917,視野,しや,N1
3918,野党,やとう,N1
3919,意欲,いよく,N1
3920,知り合い,しりあい,N1
3921,活発,かっぱつ,N1
3922,権力,けんりょく,N1
3923,還元,かんげん,N1
3924,革新,かくしん,N1
3925,軽減,けいげん,N1
3926,協調,きょうちょう,N1
3927,排除,はいじょ,N1
3928,削減,さくげん,N1
3929,,ベース,N1
3930,精密,せいみつ,N1
3931,決断,けつだん,N1
3932,交付,こうふ,N1
3933,信任,しんにん,N1
3934,世論,よろん,N1
3935,打撃,だげき,N1
3936,兵士,へいし,N1
3937,特有,とくゆう,N1
3938,運命,うんめい,N1
3939,柱,はしら,N1
3940,領土,りょうど,N1
3941,配慮,はいりょ,N1
3942,俺,おれ,N1
3943,拡散,かくさん,N1
3944,核,かく,N1
3945,業績,ぎょうせき,N1
3946,兼用,けんよう,N1
3947,転換,てんかん,N1
3948,血管,けっかん,N1
3949,従業員,じゅうぎょういん,N1
3950,証拠,しょうこ,N1
3951,排水,はいすい,N1
3952,好調,こうちょう,N1
3953,会談,かいだん,N1
3954,原油,げんゆ,N1
3955,成年,せいねん,N1
3956,共和,きょうわ,N1
3957,年寄り,としより,N1
3958,待遇,たいぐう,N1
3959,紳士,しんし,N1
3960,要因,よういん,N1
3961,中立,ちゅうりつ,N1
3962,定年,ていねん,N1
3963,発足,ほっそく,N1
3964,原点,げんてん,N1
3965,審議,しんぎ,N1
3966,潮,しお,N1
3967,争い,あらそい,N1
3968,成熟,せいじゅく,N1
3969,天才,てんさい,N1
3970,一筋,ひとすじ,N1
3971,同盟,どうめい,N1
3972,柔軟,じゅうなん,N1
3973,定義,ていぎ,N1
3974,助け,たすけ,N1
3975,万能,ばんのう,N1
3976,返済,へんさい,N1
3977,乳,ちち,N1
3978,装飾,そうしょく,N1
3979,旅客,りょかく,N1
3980,要請,ようせい,N1
3981,真ん中,まんなか,N1
3982,点検,てんけん,N1
3983,万人,ばんにん,N1
3984,雄,おす,N1
3985,歩み,あゆみ,N1
3986,申告,しんこく,N1
3987,人格,じんかく,N1
3988,補償,ほしょう,N1
3989,経費,けいひ,N1
3990,再現,さいげん,N1
3991,刊行,かんこう,N1
3992,避難,ひなん,N1
3993,集計,しゅうけい,N1
3994,死刑,しけい,N1
3995,浴室,よくしつ,N1
3996,何時,いつ,N1
3997,背後,はいご,N1
3998,志向,しこう,N1
3999,本質,ほんしつ,N1
4000,教員,きょういん,N1
4001,主導,しゅどう,N1
4002,連邦,れんぽう,N1
4003,与党,よとう,N1
4004,内閣,ないかく,N1
4005,直面,ちょくめん,N1
4006,戦力,せんりょく,N1
4007,終日,しゅうじつ,N1
4008,観点,かんてん,N1
4009,説得,せっとく,N1
4010,議題,ぎだい,N1
4011,格差,かくさ,N1
4012,合併,がっぺい,N1
4013,気象,きしょう,N1
4014,連日,れんじつ,N1
4015,出血,しゅっけつ,N1
4016,独占,どくせん,N1
4017,細胞,さいぼう,N1
4018,動機,どうき,N1
4019,意図,いと,N1
4020,上空,じょうくう,N1
4021,麻,あさ,N1
4022,施行,しこう,N1
4023,特許,とっきょ,N1
4024,当て,あて,N1
4025,名誉,めいよ,N1
4026,論議,ろんぎ,N1
4027,一気,いっき,N1
4028,物資,ぶっし,N1
4029,証言,しょうげん,N1
4030,拒否,きょひ,N1
4031,黒字,くろじ,N1
4032,損失,そんしつ,N1
4033,購買,こうばい,N1
4034,警戒,けいかい,N1
4035,不振,ふしん,N1
4036,原文,げんぶん,N1
4037,権限,けんげん,N1
4038,高原,こうげん,N1
4039,究極,きゅうきょく,N1
4040,不況,ふきょう,N1
4041,進展,しんてん,N1
4042,街頭,がいとう,N1
4043,抗議,こうぎ,N1
4044,秩序,ちつじょ,N1
4045,酸化,さんか,N1
4046,節,せつ,N1
4047,攻め,せめ,N1
4048,再建,さいけん,N1
4049,振動,しんどう,N1
4050,実情,じつじょう,N1
4051,廃止,はいし,N1
4052,国交,こっこう,N1
4053,早急,そうきゅう,N1
4054,緩和,かんわ,N1
4055,指揮,しき,N1
4056,世帯,せたい,N1
4057,廃棄,はいき,N1
4058,その外,そのほか,N1
4059,態勢,たいせい,N1
4060,密度,みつど,N1
4061,対抗,たいこう,N1
4062,法学,ほうがく,N1
4063,分,ふん,N1
4064,養成,ようせい,N1
4065,生,き,N1
4066,会,え,N1
4067,脚本,きゃくほん,N1
4068,的,まと,N1
4069,前,ぜん,N1
4070,天国,てんごく,N1
4071,入賞,にゅうしょう,N1
4072,首脳,しゅのう,N1
4073,配分,はいぶん,N1
4074,長,おさ,N1
4075,代,しろ,N1
4076,有望,ゆうぼう,N1
4077,私,あたし,N1
4078,部,ぶ,N1
4079,貧困,ひんこん,N1
4080,収支,しゅうし,N1
4081,著書,ちょしょ,N1
4082,社,やしろ,N1
4083,論理,ろんり,N1
4084,預金,よきん,N1
4085,度忘れ,どわすれ,N1
4086,新,しん,N1
4087,持続,じぞく,N1
4088,試み,こころみ,N1
4089,手当て,てあて,N1
4090,極端,きょくたん,N1
4091,,コーナー,N1
4092,衣類,いるい,N1
4093,街道,かいどう,N1
4094,大方,おおかた,N1
4095,戦術,せんじゅつ,N1
4096,個々,ここ,N1
4097,面,おもて,N1
4098,分裂,ぶんれつ,N1
4099,守備,しゅび,N1
4100,機,はた,N1
4101,連休,れんきゅう,N1
4102,統治,とうち,N1
4103,情熱,じょうねつ,N1
4104,措置,そち,N1
4105,未知,みち,N1
4106,和,わ,N1
4107,外観,がいかん,N1
4108,覚え,おぼえ,N1
4109,質疑,しつぎ,N1
4110,係り,かかり,N1
4111,共感,きょうかん,N1
4112,収益,しゅうえき,N1
4113,心得,こころえ,N1
4114,根拠,こんきょ,N1
4115,外来,がいらい,N1
4116,第,だい,N1
4117,対処,たいしょ,N1
4118,残高,ざんだか,N1
4119,記述,きじゅつ,N1
4120,自我,じが,N1
4121,仕上がり,しあがり,N1
4122,お洒落,おしゃれ,N1
4123,象徴,しょうちょう,N1
4124,品種,ひんしゅ,N1
4125,進路,しんろ,N1
4126,証人,しょうにん,N1
4127,関与,かんよ,N1
4128,分散,ぶんさん,N1
4129,華やか,はなやか,N1
4130,遺跡,いせき,N1
4131,創立,そうりつ,N1
4132,元首,げんしゅ,N1
4133,部下,ぶか,N1
4134,依存,いぞん,N1
4135,念,ねん,N1
4136,店,てん,N1
4137,真理,しんり,N1
4138,職務,しょくむ,N1
4139,,フロント,N1
4140,給食,きゅうしょく,N1
4141,権,けん,N1
4142,化石,かせき,N1
4143,末期,まっき,N1
4144,共産,きょうさん,N1
4145,委託,いたく,N1
4146,締め切り,しめきり,N1
4147,地獄,じごく,N1
4148,同情,どうじょう,N1
4149,室,しつ,N1
4150,切っ掛け,きっかけ,N1
4151,登校,とうこう,N1
4152,味わい,あじわい,N1
4153,訴え,うったえ,N1
4154,一括,いっかつ,N1
4155,中毒,ちゅうどく,N1
4156,孤独,こどく,N1
4157,財源,ざいげん,N1
4158,水田,すいでん,N1
4159,把握,はあく,N1
4160,実践,じっせん,N1
4161,官僚,かんりょう,N1
4162,視察,しさつ,N1
4163,言論,げんろん,N1
4164,倒産,とうさん,N1
4165,劇団,げきだん,N1
4166,大衆,たいしゅう,N1
4167,調和,ちょうわ,N1
4168,非難,ひなん,N1
4169,主権,しゅけん,N1
4170,其れ,それ,N1
4171,脱出,だっしゅつ,N1
4172,脂肪,しぼう,N1
4173,本館,ほんかん,N1
4174,下位,かい,N1
4175,,レース,N1
4176,報酬,ほうしゅう,N1
4177,短大,たんだい,N1
4178,強烈,きょうれつ,N1
4179,等,とう,N1
4180,興奮,こうふん,N1
4181,仕掛け,しかけ,N1
4182,変革,へんかく,N1
4183,後退,こうたい,N1
4184,余地,よち,N1
4185,回路,かいろ,N1
4186,様式,ようしき,N1
4187,未,ひつじ,N1
4188,追及,ついきゅう,N1
4189,上陸,じょうりく,N1
4190,爆弾,ばくだん,N1
4191,侵略,しんりゃく,N1
4192,社交,しゃこう,N1
4193,収容,しゅうよう,N1
4194,家計,かけい,N1
4195,制約,せいやく,N1
4196,同居,どうきょ,N1
4197,学歴,がくれき,N1
4198,無言,むごん,N1
4199,講習,こうしゅう,N1
4200,合間,あいま,N1
4201,非,ひ,N1
4202,利息,りそく,N1
4203,補強,ほきょう,N1
4204,元年,がんねん,N1
4205,参議院,さんぎいん,N1
4206,視覚,しかく,N1
4207,類似,るいじ,N1
4208,絶望,ぜつぼう,N1
4209,平行,へいこう,N1
4210,,タイム,N1
4211,悪,あく,N1
4212,脳,のう,N1
4213,普遍,ふへん,N1
4214,紛争,ふんそう,N1
4215,演習,えんしゅう,N1
4216,抽選,ちゅうせん,N1
4217,河川,かせん,N1
4218,返還,へんかん,N1
4219,追放,ついほう,N1
4220,所持,しょじ,N1
4221,自覚,じかく,N1
4222,保養,ほよう,N1
4223,本場,ほんば,N1
4224,肉体,にくたい,N1
4225,暗殺,あんさつ,N1
4226,誘導,ゆうどう,N1
4227,指令,しれい,N1
4228,栽培,さいばい,N1
4229,地主,じぬし,N1
4230,再発,さいはつ,N1
4231,率直,そっちょく,N1
4232,救済,きゅうさい,N1
4233,反響,はんきょう,N1
4234,不調,ふちょう,N1
4235,国有,こくゆう,N1
4236,詐欺,さぎ,N1
4237,様相,ようそう,N1
4238,訴訟,そしょう,N1
4239,阻止,そし,N1
4240,検事,けんじ,N1
4241,結合,けつごう,N1
4242,扉,とびら,N1
4243,募金,ぼきん,N1
4244,前途,ぜんと,N1
4245,航海,こうかい,N1
4246,反撃,はんげき,N1
4247,周期,しゅうき,N1
4248,腐敗,ふはい,N1
4249,星座,せいざ,N1
4250,区間,くかん,N1
4251,補給,ほきゅう,N1
4252,値引き,ねびき,N1
4253,落ち着き,おちつき,N1
4254,入浴,にゅうよく,N1
4255,超,ちょう,N1
4256,風俗,ふうぞく,N1
4257,抗争,こうそう,N1
4258,学芸,がくげい,N1
4259,手順,てじゅん,N1
4260,衣料,いりょう,N1
4261,疲労,ひろう,N1
4262,先着,せんちゃく,N1
4263,酸,さん,N1
4264,内訳,うちわけ,N1
4265,風土,ふうど,N1
4266,歯科,しか,N1
4267,異論,いろん,N1
4268,樹立,じゅりつ,N1
4269,共存,きょうぞん,N1
4270,,メディア,N1
4271,,ブーツ,N1
4272,欲望,よくぼう,N1
4273,新婚,しんこん,N1
4274,待望,たいぼう,N1
4275,分担,ぶんたん,N1
4276,売れ行き,うれゆき,N1
4277,適応,てきおう,N1
4278,告白,こくはく,N1
4279,占領,せんりょう,N1
4280,中断,ちゅうだん,N1
4281,不服,ふふく,N1
4282,結び,むすび,N1
4283,趣旨,しゅし,N1
4284,難,なん,N1
4285,流し,ながし,N1
4286,独裁,どくさい,N1
4287,平常,へいじょう,N1
4288,任命,にんめい,N1
4289,襲撃,しゅうげき,N1
4290,倍率,ばいりつ,N1
4291,,ダウン,N1
4292,好意,こうい,N1
4293,信者,しんじゃ,N1
4294,是正,ぜせい,N1
4295,出動,しゅつどう,N1
4296,人質,ひとじち,N1
4297,冒頭,ぼうとう,N1
4298,放置,ほうち,N1
4299,経路,けいろ,N1
4300,軸,じく,N1
4301,故人,こじん,N1
4302,悲鳴,ひめい,N1
4303,文化財,ぶんかざい,N1
4304,出世,しゅっせ,N1
4305,復旧,ふっきゅう,N1
4306,期日,きじつ,N1
4307,階級,かいきゅう,N1
4308,賃金,ちんぎん,N1
4309,短縮,たんしゅく,N1
4310,樹木,じゅもく,N1
4311,経緯,いきさつ,N1
4312,微笑,びしょう,N1
4313,経歴,けいれき,N1
4314,各種,かくしゅ,N1
4315,動員,どういん,N1
4316,農場,のうじょう,N1
4317,不可欠,ふかけつ,N1
4318,見舞,みまい,N1
4319,賠償,ばいしょう,N1
4320,原爆,げんばく,N1
4321,閉鎖,へいさ,N1
4322,良心,りょうしん,N1
4323,放棄,ほうき,N1
4324,奉仕,ほうし,N1
4325,理性,りせい,N1
4326,墓地,ぼち,N1
4327,存続,そんぞく,N1
4328,新興,しんこう,N1
4329,横綱,よこづな,N1
4330,津波,つなみ,N1
4331,就業,しゅうぎょう,N1
4332,飼育,しいく,N1
4333,優勢,ゆうせい,N1
4334,辞職,じしょく,N1
4335,終始,しゅうし,N1
4336,公団,こうだん,N1
4337,陶器,とうき,N1
4338,生死,せいし,N1
4339,塾,じゅく,N1
4340,敗戦,はいせん,N1
4341,弁護,べんご,N1
4342,皇居,こうきょ,N1
4343,放射能,ほうしゃのう,N1
4344,日向,ひなた,N1
4345,妥協,だきょう,N1
4346,反射,はんしゃ,N1
4347,起源,きげん,N1
4348,異動,いどう,N1
4349,調印,ちょういん,N1
4350,合唱,がっしょう,N1
4351,比重,ひじゅう,N1
4352,農地,のうち,N1
4353,連帯,れんたい,N1
4354,炭素,たんそ,N1
4355,,ジャンル,N1
4356,負債,ふさい,N1
4357,象,しょう,N1
4358,処置,しょち,N1
4359,宮殿,きゅうでん,N1
4360,移住,いじゅう,N1
4361,弾力,だんりょく,N1
4362,増強,ぞうきょう,N1
4363,創刊,そうかん,N1
4364,上下,うえした,N1
4365,刑,けい,N1
4366,犠牲,ぎせい,N1
4367,手配,てはい,N1
4368,優位,ゆうい,N1
4369,人情,にんじょう,N1
4370,空間,あきま,N1
4371,誠実,せいじつ,N1
4372,権威,けんい,N1
4373,原子,げんし,N1
4374,面会,めんかい,N1
4375,偽造,ぎぞう,N1
4376,田園,でんえん,N1
4377,一変,いっぺん,N1
4378,統制,とうせい,N1
4379,外貨,がいか,N1
4380,書評,しょひょう,N1
4381,起点,きてん,N1
4382,気質,きしつ,N1
4383,名簿,めいぼ,N1
4384,孤立,こりつ,N1
4385,追跡,ついせき,N1
4386,勧告,かんこく,N1
4387,拘束,こうそく,N1
4388,断言,だんげん,N1
4389,対面,たいめん,N1
4390,志望,しぼう,N1
4391,承諾,しょうだく,N1
4392,連中,れんちゅう,N1
4393,着工,ちゃっこう,N1
4394,物体,ぶったい,N1
4395,痛感,つうかん,N1
4396,体,てい,N1
4397,確信,かくしん,N1
4398,発作,ほっさ,N1
4399,送金,そうきん,N1
4400,密接,みっせつ,N1
4401,落下,らっか,N1
4402,日取り,ひどり,N1
4403,客観,きゃっかん,N1
4404,一同,いちどう,N1
4405,捜索,そうさく,N1
4406,採決,さいけつ,N1
4407,増し,まし,N1
4408,正解,せいかい,N1
4409,描写,びょうしゃ,N1
4410,庁,ちょう,N1
4411,地形,ちけい,N1
4412,軍備,ぐんび,N1
4413,昇進,しょうしん,N1
4414,意地,いじ,N1
4415,教科,きょうか,N1
4416,爆破,ばくは,N1
4417,芝,しば,N1
4418,行進,こうしん,N1
4419,沿岸,えんがん,N1
4420,特産,とくさん,N1
4421,天体,てんたい,N1
4422,此れ,これ,N1
4423,元素,げんそ,N1
4424,矢,や,N1
4425,土台,どだい,N1
4426,,ニュー,N1
4427,理屈,りくつ,N1
4428,軌道,きどう,N1
4429,発掘,はっくつ,N1
4430,教訓,きょうくん,N1
4431,利子,りし,N1
4432,着陸,ちゃくりく,N1
4433,議決,ぎけつ,N1
4434,手本,てほん,N1
4435,漁船,ぎょせん,N1
4436,山岳,さんがく,N1
4437,良質,りょうしつ,N1
4438,脱退,だったい,N1
4439,控除,こうじょ,N1
4440,公募,こうぼ,N1
4441,船舶,せんぱく,N1
4442,無用,むよう,N1
4443,短歌,たんか,N1
4444,浜,はま,N1
4445,利点,りてん,N1
4446,考古学,こうこがく,N1
4447,除外,じょがい,N1
4448,繁栄,はんえい,N1
4449,実業家,じつぎょうか,N1
4450,未婚,みこん,N1
4451,強硬,きょうこう,N1
4452,同等,どうとう,N1
4453,対談,たいだん,N1
4454,日の丸,ひのまる,N1
4455,目録,もくろく,N1
4456,法廷,ほうてい,N1
4457,肝心,かんじん,N1
4458,,スピード,N1
4459,版画,はんが,N1
4460,契機,けいき,N1
4461,感触,かんしょく,N1
4462,方策,ほうさく,N1
4463,単一,たんいつ,N1
4464,傾,ななめ,N1
4465,暴動,ぼうどう,N1
4466,光沢,こうたく,N1
4467,必然,ひつぜん,N1
4468,問屋,とんや,N1
4469,育ち,そだち,N1
4470,庶民,しょみん,N1
4471,一帯,いったい,N1
4472,火星,かせい,N1
4473,生育,せいいく,N1
4474,植民地,しょくみんち,N1
4475,情緒,じょうちょ,N1
4476,近郊,きんこう,N1
4477,市街,しがい,N1
4478,頂,いただき,N1
4479,人柄,ひとがら,N1
4480,台本,だいほん,N1
4481,団結,だんけつ,N1
4482,他方,たほう,N1
4483,兆し,きざし,N1
4484,孤児,こじ,N1
4485,下地,したじ,N1
4486,改修,かいしゅう,N1
4487,異議,いぎ,N1
4488,助言,じょげん,N1
4489,気楽,きらく,N1
4490,幹,みき,N1
4491,借り,かり,N1
4492,野心,やしん,N1
4493,特権,とっけん,N1
4494,主食,しゅしょく,N1
4495,熱意,ねつい,N1
4496,貴族,きぞく,N1
4497,差異,さい,N1
4498,頼み,たのみ,N1
4499,動力,どうりょく,N1
4500,換算,かんさん,N1
4501,着目,ちゃくもく,N1
4502,反乱,はんらん,N1
4503,探検,たんけん,N1
4504,前例,ぜんれい,N1
4505,細工,さいく,N1
4506,蔵相,ぞうしょう,N1
4507,転勤,てんきん,N1
4508,両立,りょうりつ,N1
4509,忠実,ちゅうじつ,N1
4510,沈黙,ちんもく,N1
4511,過労,かろう,N1
4512,花粉,かふん,N1
4513,採択,さいたく,N1
4514,母校,ぼこう,N1
4515,女史,じょし,N1
4516,道場,どうじょう,N1
4517,喜劇,きげき,N1
4518,峰,みね,N1
4519,口頭,こうとう,N1
4520,区画,くかく,N1
4521,再会,さいかい,N1
4522,封,ふう,N1
4523,不審,ふしん,N1
4524,調停,ちょうてい,N1
4525,大金,たいきん,N1
4526,干渉,かんしょう,N1
4527,補充,ほじゅう,N1
4528,購読,こうどく,N1
4529,林業,りんぎょう,N1
4530,悲観,ひかん,N1
4531,鉄鋼,てっこう,N1
4532,役職,やくしょく,N1
4533,小切手,こぎって,N1
4534,液,えき,N1
4535,討議,とうぎ,N1
4536,転落,てんらく,N1
4537,配給,はいきゅう,N1
4538,相対,あいたい,N1
4539,海峡,かいきょう,N1
4540,一部分,いちぶぶん,N1
4541,繁殖,はんしょく,N1
4542,引き分け,ひきわけ,N1
4543,強行,きょうこう,N1
4544,親善,しんぜん,N1
4545,操縦,そうじゅう,N1
4546,音色,ねいろ,N1
4547,捻子,ねじ,N1
4548,申出,もうしで,N1
4549,伝達,でんたつ,N1
4550,取り締まり,とりしまり,N1
4551,楽観,らっかん,N1
4552,静止,せいし,N1
4553,組み合わせ,くみあわせ,N1
4554,画期,かっき,N1
4555,宿命,しゅくめい,N1
4556,海運,かいうん,N1
4557,均衡,きんこう,N1
4558,保温,ほおん,N1
4559,逃亡,とうぼう,N1
4560,私有,しゆう,N1
4561,味覚,みかく,N1
4562,公用,こうよう,N1
4563,切実,せつじつ,N1
4564,根底,こんてい,N1
4565,義理,ぎり,N1
4566,時折,ときおり,N1
4567,域外,いきがい,N1
4568,交互,こうご,N1
4569,過ち,あやまち,N1
4570,本能,ほんのう,N1
4571,予感,よかん,N1
4572,言い訳,いいわけ,N1
4573,衆議院,しゅうぎいん,N1
4574,辞退,じたい,N1
4575,人目,ひとめ,N1
4576,果て,はて,N1
4577,行員,こういん,N1
4578,運搬,うんぱん,N1
4579,貯蓄,ちょちく,N1
4580,納入,のうにゅう,N1
4581,,セックス,N1
4582,到達,とうたつ,N1
4583,侍,さむらい,N1
4584,破損,はそん,N1
4585,始末,しまつ,N1
4586,脅迫,きょうはく,N1
4587,印鑑,いんかん,N1
4588,傾斜,けいしゃ,N1
4589,最善,さいぜん,N1
4590,一様,いちよう,N1
4591,対等,たいとう,N1
4592,該当,がいとう,N1
4593,小柄,こがら,N1
4594,水源,すいげん,N1
4595,従事,じゅうじ,N1
4596,妨害,ぼうがい,N1
4597,膜,まく,N1
4598,前売り,まえうり,N1
4599,半端,はんぱ,N1
4600,差額,さがく,N1
4601,修了,しゅうりょう,N1
4602,着手,ちゃくしゅ,N1
4603,勤労,きんろう,N1
4604,区切り,くぎり,N1
4605,,メッセージ,N1
4606,放射,ほうしゃ,N1
4607,密集,みっしゅう,N1
4608,許容,きょよう,N1
4609,危害,きがい,N1
4610,採算,さいさん,N1
4611,簡素,かんそ,N1
4612,昆虫,こんちゅう,N1
4613,電線,でんせん,N1
4614,驚異,きょうい,N1
4615,財,ざい,N1
4616,織物,おりもの,N1
4617,洪水,こうずい,N1
4618,盛大,せいだい,N1
4619,細菌,さいきん,N1
4620,,フォーム,N1
4621,慣行,かんこう,N1
4622,防火,ぼうか,N1
4623,一心,いっしん,N1
4624,長編,ちょうへん,N1
4625,有益,ゆうえき,N1
4626,捕獲,ほかく,N1
4627,共働き,ともばたらき,N1
4628,肺,はい,N1
4629,負傷,ふしょう,N1
4630,産物,さんぶつ,N1
4631,日焼け,ひやけ,N1
4632,責務,せきむ,N1
4633,肥料,ひりょう,N1
4634,異性,いせい,N1
4635,丁目,ちょうめ,N1
4636,激励,げきれい,N1
4637,肉親,にくしん,N1
4638,英字,えいじ,N1
4639,歓声,かんせい,N1
4640,保母,ほぼ,N1
4641,産婦人科,さんふじんか,N1
4642,巧み,たくみ,N1
4643,停滞,ていたい,N1
4644,興業,こうぎょう,N1
4645,譲歩,じょうほ,N1
4646,戸籍,こせき,N1
4647,火花,ひばな,N1
4648,無難,ぶなん,N1
4649,祈り,いのり,N1
4650,出費,しゅっぴ,N1
4651,圧迫,あっぱく,N1
4652,訂正,ていせい,N1
4653,反感,はんかん,N1
4654,時差,じさ,N1
4655,惑星,わくせい,N1
4656,大筋,おおすじ,N1
4657,逃走,とうそう,N1
4658,燃焼,ねんしょう,N1
4659,面目,めんぼく,N1
4660,策,さく,N1
4661,動揺,どうよう,N1
4662,民宿,みんしゅく,N1
4663,徴収,ちょうしゅう,N1
4664,結核,けっかく,N1
4665,開拓,かいたく,N1
4666,,スペース,N1
4667,斜面,しゃめん,N1
4668,知性,ちせい,N1
4669,護衛,ごえい,N1
4670,三味線,しゃみせん,N1
4671,壮大,そうだい,N1
4672,見地,けんち,N1
4673,乗り換え,のりかえ,N1
4674,同調,どうちょう,N1
4675,雑談,ざつだん,N1
4676,厳密,げんみつ,N1
4677,小児科,しょうにか,N1
4678,刺繍,ししゅう,N1
4679,感度,かんど,N1
4680,応急,おうきゅう,N1
4681,勧誘,かんゆう,N1
4682,荷,に,N1
4683,内陸,ないりく,N1
4684,苗,なえ,N1
4685,加味,かみ,N1
4686,予め,あらかじめ,N1
4687,同感,どうかん,N1
4688,免除,めんじょ,N1
4689,割り当て,わりあて,N1
4690,結晶,けっしょう,N1
4691,露骨,ろこつ,N1
4692,出直し,でなおし,N1
4693,単調,たんちょう,N1
4694,誘惑,ゆうわく,N1
4695,造り,つくり,N1
4696,招き,まねき,N1
4697,根回し,ねまわし,N1
4698,円満,えんまん,N1
4699,蓄積,ちくせき,N1
4700,残酷,ざんこく,N1
4701,推理,すいり,N1
4702,式場,しきじょう,N1
4703,仏像,ぶつぞう,N1
4704,模索,もさく,N1
4705,赴任,ふにん,N1
4706,合致,がっち,N1
4707,体格,たいかく,N1
4708,履歴,りれき,N1
4709,配列,はいれつ,N1
4710,磁気,じき,N1
4711,富豪,ふごう,N1
4712,偏見,へんけん,N1
4713,座談会,ざだんかい,N1
4714,増進,ぞうしん,N1
4715,祝賀,しゅくが,N1
4716,封鎖,ふうさ,N1
4717,配偶者,はいぐうしゃ,N1
4718,役場,やくば,N1
4719,沿線,えんせん,N1
4720,過疎,かそ,N1
4721,誤差,ごさ,N1
4722,還暦,かんれき,N1
4723,捕虜,ほりょ,N1
4724,観衆,かんしゅう,N1
4725,不景気,ふけいき,N1
4726,暴露,ばくろ,N1
4727,穂,ほ,N1
4728,僧,そう,N1
4729,幹線,かんせん,N1
4730,濫用,らんよう,N1
4731,奨励,しょうれい,N1
4732,全盛,ぜんせい,N1
4733,素朴,そぼく,N1
4734,迫害,はくがい,N1
4735,街,がい,N1
4736,真珠,しんじゅ,N1
4737,,タイトル,N1
4738,匹敵,ひってき,N1
4739,慣例,かんれい,N1
4740,領海,りょうかい,N1
4741,失格,しっかく,N1
4742,中枢,ちゅうすう,N1
4743,棄権,きけん,N1
4744,断面,だんめん,N1
4745,沢山,たくさん,N1
4746,警部,けいぶ,N1
4747,救い,すくい,N1
4748,重複,ちょうふく,N1
4749,粘り,ねばり,N1
4750,油絵,あぶらえ,N1
4751,途上,とじょう,N1
4752,見合い,みあい,N1
4753,階層,かいそう,N1
4754,物置き,ものおき,N1
4755,先代,せんだい,N1
4756,手掛かり,てがかり,N1
4757,聖書,せいしょ,N1
4758,土俵,どひょう,N1
4759,内臓,ないぞう,N1
4760,使い道,つかいみち,N1
4761,専修,せんしゅう,N1
4762,慣れ,なれ,N1
4763,粉末,ふんまつ,N1
4764,命中,めいちゅう,N1
4765,良識,りょうしき,N1
4766,巧妙,こうみょう,N1
4767,社宅,しゃたく,N1
4768,趣,おもむき,N1
4769,優美,ゆうび,N1
4770,元来,がんらい,N1
4771,朗読,ろうどく,N1
4772,処罰,しょばつ,N1
4773,事柄,ことがら,N1
4774,捕鯨,ほげい,N1
4775,学士,がくし,N1
4776,出入り口,でいりぐち,N1
4777,股,また,N1
4778,解剖,かいぼう,N1
4779,身近,みぢか,N1
4780,始発,しはつ,N1
4781,相応,そうおう,N1
4782,定食,ていしょく,N1
4783,尿,にょう,N1
4784,浮気,うわき,N1
4785,墜落,ついらく,N1
4786,,レギュラー,N1
4787,代用,だいよう,N1
4788,破裂,はれつ,N1
4789,眼科,がんか,N1
4790,無念,むねん,N1
4791,進み,すすみ,N1
4792,周,しゅう,N1
4793,退学,たいがく,N1
4794,種々,しゅじゅ,N1
4795,伝言,でんごん,N1
4796,軽快,けいかい,N1
4797,余暇,よか,N1
4798,否決,ひけつ,N1
4799,仲人,ちゅうにん,N1
4800,大空,おおぞら,N1
4801,売り出し,うりだし,N1
4802,発病,はつびょう,N1
4803,出題,しゅつだい,N1
4804,盾,たて,N1
4805,議案,ぎあん,N1
4806,返答,へんとう,N1
4807,恥,はじ,N1
4808,,タイヤ,N1
4809,牧師,ぼくし,N1
4810,健在,けんざい,N1
4811,叫び,さけび,N1
4812,諸君,しょくん,N1
4813,沼,ぬま,N1
4814,一敗,いっぱい,N1
4815,鉱山,こうざん,N1
4816,麻酔,ますい,N1
4817,製法,せいほう,N1
4818,沸騰,ふっとう,N1
4819,余程,よほど,N1
4820,箇箇,ここ,N1
4821,闇,やみ,N1
4822,君主,くんしゅ,N1
4823,既婚,きこん,N1
4824,原形,げんけい,N1
4825,期末,きまつ,N1
4826,反,たん,N1
4827,,ペア,N1
4828,嬢,じょう,N1
4829,固体,こたい,N1
4830,形勢,けいせい,N1
4831,当人,とうにん,N1
4832,中傷,ちゅうしょう,N1
4833,字体,じたい,N1
4834,振り出し,ふりだし,N1
4835,等級,とうきゅう,N1
4836,生計,せいけい,N1
4837,混血,こんけつ,N1
4838,教習,きょうしゅう,N1
4839,大げさ,おおげさ,N1
4840,洋風,ようふう,N1
4841,同級,どうきゅう,N1
4842,頑固,がんこ,N1
4843,,モニター,N1
4844,暴風,ぼうふう,N1
4845,補足,ほそく,N1
4846,休戦,きゅうせん,N1
4847,旅券,りょけん,N1
4848,雨天,うてん,N1
4849,初版,しょはん,N1
4850,刷り,すり,N1
4851,蓮,はす,N1
4852,製鉄,せいてつ,N1
4853,姓名,せいめい,N1
4854,膨脹,ぼうちょう,N1
4855,寄与,きよ,N1
4856,刃,は,N1
4857,潜水,せんすい,N1
4858,非行,ひこう,N1
4859,例,ためし,N1
4860,起伏,きふく,N1
4861,手芸,しゅげい,N1
4862,感慨,かんがい,N1
4863,豊作,ほうさく,N1
4864,恵み,めぐみ,N1
4865,真心,まごころ,N1
4866,橋渡し,はしわたし,N1
4867,家畜,かちく,N1
4868,布告,ふこく,N1
4869,賢明,けんめい,N1
4870,お使い,おつかい,N1
4871,埋蔵,まいぞう,N1
4872,切れ目,きれめ,N1
4873,慣習,かんしゅう,N1
4874,推測,すいそく,N1
4875,弁論,べんろん,N1
4876,分業,ぶんぎょう,N1
4877,税務署,ぜいむしょ,N1
4878,名残,なごり,N1
4879,郷里,きょうり,N1
4880,長大,ちょうだい,N1
4881,聴覚,ちょうかく,N1
4882,晴天,せいてん,N1
4883,類,たぐい,N1
4884,証,あかし,N1
4885,百科事典,ひゃっかじてん,N1
4886,抑圧,よくあつ,N1
4887,碑,いしぶみ,N1
4888,物議,ぶつぎ,N1
4889,裏返し,うらがえし,N1
4890,老衰,ろうすい,N1
4891,実費,じっぴ,N1
4892,百科辞典,ひゃっかじてん,N1
4893,,チャンネル,N1
4894,産後,さんご,N1
4895,色々,いろいろ,N1
4896,略奪,りゃくだつ,N1
4897,楽譜,がくふ,N1
4898,退治,たいじ,N1
4899,対比,たいひ,N1
4900,過密,かみつ,N1
4901,岩石,がんせき,N1
4902,,ホール,N1
4903,桐,きり,N1
4904,計器,けいき,N1
4905,微量,びりょう,N1
4906,真上,まうえ,N1
4907,宛,あて,N1
4908,不意,ふい,N1
4909,手際,てぎわ,N1
4910,融通,ゆうずう,N1
4911,懸賞,けんしょう,N1
4912,噴出,ふんしゅつ,N1
4913,茶の間,ちゃのま,N1
4914,罰,ばち,N1
4915,山脈,さんみゃく,N1
4916,張り紙,はりがみ,N1
4917,多数決,たすうけつ,N1
4918,弓,ゆみ,N1
4919,家出,いえで,N1
4920,喫茶,きっさ,N1
4921,戯曲,ぎきょく,N1
4922,模範,もはん,N1
4923,体裁,ていさい,N1
4924,砂利,じゃり,N1
4925,平方,へいほう,N1
4926,,ファイル,N1
4927,丘陵,きゅうりょう,N1
4928,落ち葉,おちば,N1
4929,受け取り,うけとり,N1
4930,幽霊,ゆうれい,N1
4931,修士,しゅうし,N1
4932,着色,ちゃくしょく,N1
4933,願書,がんしょ,N1
4934,耕作,こうさく,N1
4935,安静,あんせい,N1
4936,獣,けもの,N1
4937,筒,つつ,N1
4938,鳥居,とりい,N1
4939,聞き取り,ききとり,N1
4940,子息,しそく,N1
4941,根気,こんき,N1
4942,蝶,ちょう,N1
4943,寛容,かんよう,N1
4944,際,きわ,N1
4945,貧乏,びんぼう,N1
4946,過多,かた,N1
4947,未熟,みじゅく,N1
4948,神殿,しんでん,N1
4949,後回し,あとまわし,N1
4950,堤防,ていぼう,N1
4951,遭難,そうなん,N1
4952,浪費,ろうひ,N1
4953,軍艦,ぐんかん,N1
4954,渡り鳥,わたりどり,N1
4955,土手,どて,N1
4956,来場,らいば,N1
4957,神聖,しんせい,N1
4958,窒息,ちっそく,N1
4959,鉱業,こうぎょう,N1
4960,下痢,げり,N1
4961,愛想,あいそ,N1
4962,直感,ちょっかん,N1
4963,効き目,ききめ,N1
4964,畜産,ちくさん,N1
4965,征服,せいふく,N1
4966,労力,ろうりょく,N1
4967,,ドライバー,N1
4968,改訂,かいてい,N1
4969,織,おり,N1
4970,特技,とくぎ,N1
4971,学説,がくせつ,N1
4972,有りのまま,ありのまま,N1
4973,軍服,ぐんぷく,N1
4974,必修,ひっしゅう,N1
4975,盗み,ぬすみ,N1
4976,無知,むち,N1
4977,大部,たいぶ,N1
4978,荒廃,こうはい,N1
4979,風習,ふうしゅう,N1
4980,発育,はついく,N1
4981,,ランプ,N1
4982,語源,ごげん,N1
4983,有様,ありさま,N1
4984,水気,みずけ,N1
4985,腕前,うでまえ,N1
4986,付録,ふろく,N1
4987,善良,ぜんりょう,N1
4988,独創,どくそう,N1
4989,使用人,しようにん,N1
4990,軽率,けいそつ,N1
4991,夕暮れ,ゆうぐれ,N1
4992,扶養,ふよう,N1
4993,奮闘,ふんとう,N1
4994,議事堂,ぎじどう,N1
4995,,スプリング,N1
4996,襟,えり,N1
4997,お産,おさん,N1
4998,時刻表,じこくひょう,N1
4999,標語,ひょうご,N1
5000,小銭,こぜに,N1
5001,降伏,こうふく,N1
5002,風車,かざぐるま,N1
5003,内乱,ないらん,N1
5004,料,りょう,N1
5005,共学,きょうがく,N1
5006,下火,したび,N1
5007,腸,ちょう,N1
5008,貨幣,かへい,N1
5009,怪獣,かいじゅう,N1
5010,転居,てんきょ,N1
5011,賭け,かけ,N1
5012,雪崩,なだれ,N1
5013,暦,こよみ,N1
5014,自首,じしゅ,N1
5015,気品,きひん,N1
5016,酪農,らくのう,N1
5017,不順,ふじゅん,N1
5018,角,かく,N1
5019,滞納,たいのう,N1
5020,彼方,あちら,N1
5021,極楽,ごくらく,N1
5022,不評,ふひょう,N1
5023,公,おおやけ,N1
5024,種,しゅ,N1
5025,写し,うつし,N1
5026,中和,ちゅうわ,N1
5027,適性,てきせい,N1
5028,寒気,さむけ,N1
5029,私物,しぶつ,N1
5030,妥結,だけつ,N1
5031,熱湯,ねっとう,N1
5032,可哀想,かわいそう,N1
5033,採掘,さいくつ,N1
5034,転転,てんてん,N1
5035,浜辺,はまべ,N1
5036,値打ち,ねうち,N1
5037,用法,ようほう,N1
5038,主観,しゅかん,N1
5039,一息,ひといき,N1
5040,無駄遣い,むだづかい,N1
5041,共鳴,きょうめい,N1
5042,後悔,こうかい,N1
5043,錯覚,さっかく,N1
5044,禅,ぜん,N1
5045,好況,こうきょう,N1
5046,鉛,なまり,N1
5047,殿様,とのさま,N1
5048,変遷,へんせん,N1
5049,,ラベル,N1
5050,季刊,きかん,N1
5051,達者,たっしゃ,N1
5052,遠方,えんぽう,N1
5053,器官,きかん,N1
5054,満月,まんげつ,N1
5055,執着,しゅうちゃく,N1
5056,多忙,たぼう,N1
5057,記名,きめい,N1
5058,憎しみ,にくしみ,N1
5059,境遇,きょうぐう,N1
5060,,ショック,N1
5061,壇,だん,N1
5062,館,やかた,N1
5063,溶液,ようえき,N1
5064,,ポンプ,N1
5065,眼球,がんきゅう,N1
5066,精巧,せいこう,N1
5067,衆,しゅ,N1
5068,茎,くき,N1
5069,年号,ねんごう,N1
5070,冷淡,れいたん,N1
5071,台無し,だいなし,N1
5072,年長,ねんちょう,N1
5073,破棄,はき,N1
5074,膳,ぜん,N1
5075,館,かん,N1
5076,紛失,ふんしつ,N1
5077,,マッサージ,N1
5078,簡潔,かんけつ,N1
5079,無口,むくち,N1
5080,侮辱,ぶじょく,N1
5081,教職,きょうしょく,N1
5082,悪者,わるもの,N1
5083,採集,さいしゅう,N1
5084,生身,なまみ,N1
5085,,ドライ,N1
5086,弁解,べんかい,N1
5087,合議,ごうぎ,N1
5088,申し分,もうしぶん,N1
5089,漁村,ぎょそん,N1
5090,真っ二つ,まっぷたつ,N1
5091,寄贈,きぞう,N1
5092,,ショー,N1
5093,和やか,なごやか,N1
5094,勤め先,つとめさき,N1
5095,空腹,くうふく,N1
5096,流,りゅう,N1
5097,脈,みゃく,N1
5098,禁物,きんもつ,N1
5099,現像,げんぞう,N1
5100,忠告,ちゅうこく,N1
5101,真下,ました,N1
5102,,レンジ,N1
5103,刑罰,けいばつ,N1
5104,歯磨,はみがき,N1
5105,例え,たとえ,N1
5106,伝来,でんらい,N1
5107,気まぐれ,きまぐれ,N1
5108,雌,めす,N1
5109,未練,みれん,N1
5110,聴講,ちょうこう,N1
5111,,グラフ,N1
5112,凶作,きょうさく,N1
5113,名産,めいさん,N1
5114,舗装,ほそう,N1
5115,並み,なみ,N1
5116,天災,てんさい,N1
5117,乙,おつ,N1
5118,優越,ゆうえつ,N1
5119,産休,さんきゅう,N1
5120,水洗,すいせん,N1
5121,陳列,ちんれつ,N1
5122,待ち合わせ,まちあわせ,N1
5123,眉,まゆ,N1
5124,無能,むのう,N1
5125,花びら,はなびら,N1
5126,何時も,いつも,N1
5127,点火,てんか,N1
5128,冷蔵,れいぞう,N1
5129,転校,てんこう,N1
5130,絶版,ぜっぱん,N1
5131,観覧,かんらん,N1
5132,覆面,ふくめん,N1
5133,遊牧,ゆうぼく,N1
5134,産出,さんしゅつ,N1
5135,,ホース,N1
5136,汚れ,けがれ,N1
5137,並列,へいれつ,N1
5138,渦,うず,N1
5139,左利き,ひだりきき,N1
5140,蜜,みつ,N1
5141,隔週,かくしゅう,N1
5142,同封,どうふう,N1
5143,農耕,のうこう,N1
5144,愚痴,ぐち,N1
5145,癌,がん,N1
5146,胴,どう,N1
5147,戦災,せんさい,N1
5148,沈没,ちんぼつ,N1
5149,飽和,ほうわ,N1
5150,病,やまい,N1
5151,指図,さしず,N1
5152,獲物,えもの,N1
5153,帰京,ききょう,N1
5154,怠慢,たいまん,N1
5155,改悪,かいあく,N1
5156,同い年,おないどし,N1
5157,用件,ようけん,N1
5158,派,は,N1
5159,気流,きりゅう,N1
5160,窮屈,きゅうくつ,N1
5161,邸宅,ていたく,N1
5162,頑丈,がんじょう,N1
5163,手分け,てわけ,N1
5164,,ドリル,N1
5165,丈夫,ますらお,N1
5166,滅亡,めつぼう,N1
5167,混同,こんどう,N1
5168,,コミュニケーション,N1
5169,温和,おんわ,N1
5170,冷酷,れいこく,N1
5171,消去,しょうきょ,N1
5172,決行,けっこう,N1
5173,愚か,おろか,N1
5174,,ボルト,N1
5175,健やか,すこやか,N1
5176,無邪気,むじゃき,N1
5177,海抜,かいばつ,N1
5178,花壇,かだん,N1
5179,,ハンガー,N1
5180,,コンタクト,N1
5181,没収,ぼっしゅう,N1
5182,貧弱,ひんじゃく,N1
5183,繁盛,はんじょう,N1
5184,,フィルター,N1
5185,海流,かいりゅう,N1
5186,暗示,あんじ,N1
5187,,レバー,N1
5188,年鑑,ねんかん,N1
5189,生まれつき,うまれつき,N1
5190,利潤,りじゅん,N1
5191,先だって,せんだって,N1
5192,,ゲスト,N1
5193,,サイクル,N1
5194,手遅れ,ておくれ,N1
5195,玄人,くろうと,N1
5196,代弁,だいべん,N1
5197,年輪,ねんりん,N1
5198,手数,てすう,N1
5199,,タワー,N1
5200,降水,こうすい,N1
5201,現われ,あらわれ,N1
5202,脚色,きゃくしょく,N1
5203,漠然,ばくぜん,N1
5204,両極,りょうきょく,N1
5205,旦那,だんな,N1
5206,大柄,おおがら,N1
5207,熱量,ねつりょう,N1
5208,片付け,かたづけ,N1
5209,,スタジオ,N1
5210,香辛料,こうしんりょう,N1
5211,夕焼け,ゆうやけ,N1
5212,無意味,むいみ,N1
5213,壷,つぼ,N1
5214,名札,なふだ,N1
5215,何方,どちら,N1
5216,,コントロール,N1
5217,嫉妬,しっと,N1
5218,照合,しょうごう,N1
5219,手錠,てじょう,N1
5220,出社,しゅっしゃ,N1
5221,崇拝,すうはい,N1
5222,西日,にしび,N1
5223,,ジャンプ,N1
5224,延べ,のべ,N1
5225,兼業,けんぎょう,N1
5226,行き違い,いきちがい,N1
5227,不吉,ふきつ,N1
5228,短波,たんぱ,N1
5229,隠居,いんきょ,N1
5230,折衷,せっちゅう,N1
5231,粋,いき,N1
5232,桟橋,さんばし,N1
5233,,トラブル,N1
5234,,エレガント,N1
5235,郷愁,きょうしゅう,N1
5236,誇張,こちょう,N1
5237,痛切,つうせつ,N1
5238,統率,とうそつ,N1
5239,回送,かいそう,N1
5240,何て,なんて,N1
5241,減点,げんてん,N1
5242,山腹,さんぷく,N1
5243,海路,うみじ,N1
5244,気風,きふう,N1
5245,,タイミング,N1
5246,目盛,めもり,N1
5247,情け,なさけ,N1
5248,憤慨,ふんがい,N1
5249,球根,きゅうこん,N1
5250,梅干,うめぼし,N1
5251,,ルール,N1
5252,旧知,きゅうち,N1
5253,略語,りゃくご,N1
5254,幾多,いくた,N1
5255,月日,がっぴ,N1
5256,大ざっぱ,おおざっぱ,N1
5257,国定,こくてい,N1
5258,,ポット,N1
5259,紡績,ぼうせき,N1
5260,何処,どこ,N1
5261,和文,わぶん,N1
5262,粥,かゆ,N1
5263,縁側,えんがわ,N1
5264,積もり,つもり,N1
5265,光熱費,こうねつひ,N1
5266,,アンケート,N1
5267,大水,おおみず,N1
5268,利根,りこん,N1
5269,顔付き,かおつき,N1
5270,宙返り,ちゅうがえり,N1
5271,副,ふく,N1
5272,,ミュージック,N1
5273,磁器,じき,N1
5274,浮力,ふりょく,N1
5275,家来,けらい,N1
5276,自転,じてん,N1
5277,片言,かたこと,N1
5278,,ストレス,N1
5279,玉,ぎょく,N1
5280,印,いん,N1
5281,費,ひ,N1
5282,総,そう,N1
5283,,ソース,N1
5284,粉々,こなごな,N1
5285,基,もとい,N1
5286,刺,とげ,N1
5287,課外,かがい,N1
5288,,ロープ,N1
5289,全滅,ぜんめつ,N1
5290,濠,ごう,N1
5291,立方,たちかた,N1
5292,屈折,くっせつ,N1
5293,原書,げんしょ,N1
5294,駆け足,かけあし,N1
5295,贋物,にせもの,N1
5296,残金,ざんきん,N1
5297,十字路,じゅうじろ,N1
5298,,タイル,N1
5299,没落,ぼつらく,N1
5300,大概,たいがい,N1
5301,近視,きんし,N1
5302,私用,しよう,N1
5303,員,いん,N1
5304,清らか,きよらか,N1
5305,,レッスン,N1
5306,原っぱ,はらっぱ,N1
5307,雛,ひよこ,N1
5308,片思い,かたおもい,N1
5309,,ソックス,N1
5310,継ぎ目,つぎめ,N1
5311,,センス,N1
5312,割,わり,N1
5313,整列,せいれつ,N1
5314,辛抱,しんぼう,N1
5315,語句,ごく,N1
5316,軒並み,のきなみ,N1
5317,封建,ほうけん,N1
5318,文語,ぶんご,N1
5319,,タレント,N1
5320,,レディー,N1
5321,発芽,はつが,N1
5322,錯誤,さくご,N1
5323,進呈,しんてい,N1
5324,土産,とさん,N1
5325,側,がわ,N1
5326,,ユニフォーム,N1
5327,,インターナショナル,N1
5328,,パチンコ,N1
5329,お世辞,おせじ,N1
5330,煙草,たばこ,N1
5331,,エンジニア,N1
5332,反り,そり,N1
5333,盲点,もうてん,N1
5334,,バット,N1
5335,腿,もも,N1
5336,束縛,そくばく,N1
5337,拒絶,きょぜつ,N1
5338,欠乏,けつぼう,N1
5339,,トーン,N1
5340,冬眠,とうみん,N1
5341,骨,こつ,N1
5342,庶務,しょむ,N1
5343,原典,げんてん,N1
5344,重宝,ちょうほう,N1
5345,愛憎,あいぞう,N1
5346,雑,ざつ,N1
5347,,ガレージ,N1
5348,,デザート,N1
5349,月謝,げっしゃ,N1
5350,貝殻,かいがら,N1
5351,段々,だんだん,N1
5352,乾,ほし,N1
5353,,ソロ,N1
5354,跡継ぎ,あとつぎ,N1
5355,,コンテスト,N1
5356,,ジャズ,N1
5357,鈍感,どんかん,N1
5358,閉口,へいこう,N1
5359,兎角,とかく,N1
5360,杖,つえ,N1
5361,,インフォメーション,N1
5362,班,はん,N1
5363,殆ど,ほとんど,N1
5364,打ち消し,うちけし,N1
5365,領地,りょうち,N1
5366,,タイマー,N1
5367,汽船,きせん,N1
5368,縁談,えんだん,N1
5369,守衛,しゅえい,N1
5370,僕,しもべ,N1
5371,滑稽,こっけい,N1
5372,休学,きゅうがく,N1
5373,甲,きのえ,N1
5374,,キャッチ,N1
5375,此れ等,これら,N1
5376,徐行,じょこう,N1
5377,無礼,ぶれい,N1
5378,,パジャマ,N1
5379,足し算,たしざん,N1
5380,竿,さお,N1
5381,模倣,もほう,N1
5382,修学,しゅうがく,N1
5383,,だらけ,N1
5384,心掛け,こころがけ,N1
5385,,ポジション,N1
5386,漢語,かんご,N1
5387,,チェンジ,N1
5388,,ヒント,N1
5389,碁盤,ごばん,N1
5390,先天的,せんてんてき,N1
5391,,ワット,N1
5392,何れ,どれ,N1
5393,,ユニーク,N1
5394,,クイズ,N1
5395,身なり,みなり,N1
5396,奇数,きすう,N1
5397,単,ひとえ,N1
5398,,ジャンボ,N1
5399,類推,るいすい,N1
5400,未開,みかい,N1
5401,状,じょう,N1
5402,兆,ちょう,N1
5403,気兼ね,きがね,N1
5404,瓶,かめ,N1
5405,露,つゆ,N1
5406,初耳,はつみみ,N1
5407,甘口,あまくち,N1
5408,,カクテル,N1
5409,回覧,かいらん,N1
5410,,デコレーション,N1
5411,,イエス,N1
5412,他意,たい,N1
5413,首輪,くびわ,N1
5414,金庫,かねぐら,N1
5415,適宜,てきぎ,N1
5416,口述,こうじゅつ,N1
5417,何れ,いずれ,N1
5418,,ライス,N1
5419,,ブーム,N1
5420,遠回り,とおまわり,N1
5421,,レクリエーション,N1
5422,曖昧,あいまい,N1
5423,蔵,くら,N1
5424,白状,はくじょう,N1
5425,丸々,まるまる,N1
5426,打ち合わせ,うちあわせ,N1
5427,頃,けい,N1
5428,,ジャンパー,N1
5429,,アクセル,N1
5430,,ゼリー,N1
5431,宣教,せんきょう,N1
5432,映写,えいしゃ,N1
5433,,オートマチック,N1
5434,,アプローチ,N1
5435,高尚,こうしょう,N1
5436,,ポーズ,N1
5437,下取り,したどり,N1
5438,,バッジ,N1
5439,退化,たいか,N1
5440,質素,しっそ,N1
5441,,スラックス,N1
5442,裾,すそ,N1
5443,お八,おやつ,N1
5444,,ロマンチック,N1
5445,,スチーム,N1
5446,余興,よきょう,N1
5447,,ベストセラー,N1
5448,,セレモニー,N1
5449,分母,ぶんぼ,N1
5450,,コントラスト,N1
5451,一目,いちもく,N1
5452,一見,いっけん,N1
5453,,レンタカー,N1
5454,,ゆとり,N1
5455,切開,せっかい,N1
5456,,パンク,N1
5457,箇所,かしょ,N1
5458,崖,がけ,N1
5459,無茶,むっちゃ,N1
5460,華美,かび,N1
5461,吟味,ぎんみ,N1
5462,,ずれ,N1
5463,伊井,いい,N1
5464,,マスコミ,N1
5465,前置き,まえおき,N1
5466,彼此,あれこれ,N1
5467,番目,ばんめ,N1
5468,,ファイト,N1
5469,憧れ,あこがれ,N1
5470,,ヤング,N1
5471,,シナリオ,N1
5472,賛美,さんび,N1
5473,箪笥,たんす,N1
5474,,ミセス,N1
5475,首飾り,くびかざり,N1
5476,この間,このあいだ,N1
5477,,ムード,N1
5478,不便,ふびん,N1
5479,,フェリー,N1
5480,一々,いちいち,N1
5481,,ほっと,N1
5482,耳鼻科,じびか,N1
5483,,クレーン,N1
5484,,メロディー,N1
5485,担架,たんか,N1
5486,,カメラマン,N1
5487,自尊心,じそんしん,N1
5488,修行,しゅぎょう,N1
5489,目付き,めつき,N1
5490,,アルカリ,N1
5491,,ブザー,N1
5492,仙,せん,N1
5493,,コンパス,N1
5494,嗜好,しこう,N1
5495,,ストロー,N1
5496,夜中,やちゅう,N1
5497,弱,じゃく,N1
5498,,ジーパン,N1
5499,末,まつ,N1
5500,,ニュアンス,N1
5501,何なり,なんなり,N1
5502,其処,そこ,N1
5503,語彙,ごい,N1
5504,特派,とくは,N1
5505,身振り,みぶり,N1
5506,判,はん,N1
5507,,ドライクリーニング,N1
5508,作物,さくぶつ,N1
5509,雨具,あまぐ,N1
5510,見晴らし,みはらし,N1
5511,,えい,N1
5512,物好き,ものずき,N1
5513,,アマチュア,N1
5514,,チャイム,N1
5515,明瞭,めいりょう,N1
5516,,おおい,N1
5517,お菜,おかず,N1
5518,お休み,おやすみ,N1
5519,観,かん,N1
5520,清純,せいじゅん,N1
5521,,ガイドブック,N1
5522,下心,したごころ,N1
5523,この頃,このごろ,N1
5524,褒美,ほうび,N1
5525,陰気,いんき,N1
5526,,アラブ,N1
5527,蕾,つぼみ,N1
5528,何方,どなた,N1
5529,,セクション,N1
5530,構え,かまえ,N1
5531,,デッサン,N1
5532,進度,しんど,N1
5533,失調,しっちょう,N1
5534,,ストロボ,N1
5535,,アワー,N1
5536,,ネガ,N1
5537,聴診器,ちょうしんき,N1
5538,,カルテ,N1
5539,,サンタクロース,N1
5540,建前,たてまえ,N1
5541,雑木,ぞうき,N1
5542,屋敷,やしき,N1
5543,,アンコール,N1
5544,,ナプキン,N1
5545,薄弱,はくじゃく,N1
5546,,ダンプ,N1
5547,,ナイター,N1
5548,悪日,あくにち,N1
5549,役,えだち,N1
5550,,スポーツカー,N1
5551,手引き,てびき,N1
5552,概略,がいりゃく,N1
5553,静的,せいてき,N1
5554,,あられ,N1
5555,重なる,おもなる,N1
5556,潜入,せんにゅう,N1
5557,遥か,はるか,N1
5558,,タイムリー,N1
5559,局限,きょくげん,N1
5560,年頃,としごろ,N1
5561,月並み,つきなみ,N1
5562,,ドライブイン,N1
5563,慣用,かんよう,N1
5564,,うんざり,N1
5565,貴女,あなた,N1
5566,倹約,けんやく,N1
5567,拝借,はいしゃく,N1
5568,外方,そっぽ,N1
5569,活ける,いける,N1
5570,お供,おとも,N1
5571,何処か,どこか,N1
5572,,レントゲン,N1
5573,,コマーシャル,N1
5574,,インテリ,N1
5575,稍,やや,N1
5576,魂,こん,N1
5577,,がっちり,N1
5578,誠,まこと,N1
5579,取り替え,とりかえ,N1
5580,蜂蜜,はちみつ,N1
5581,,インフレ,N1
5582,,パトカー,N1
5583,日当,にっとう,N1
5584,,エアメール,N1
5585,新入生,しんにゅうせい,N1
5586,,ティッシュペーパー,N1
5587,予言,かねごと,N1
5588,鞠,まり,N1
5589,柵,さく,N1
5590,大便,だいべん,N1
5591,,ウェートレス,N1
5592,御負け,おまけ,N1
5593,,インターチェンジ,N1
5594,,チームワーク,N1
5595,揃い,そろい,N1
5596,帳,とばり,N1
5597,民俗,みんぞく,N1
5598,氾濫,はんらん,N1
5599,満場,まんじょう,N1
5600,着席,ちゃくせき,N1
5601,下調べ,したしらべ,N1
5602,生真面目,きまじめ,N1
5603,夜更かし,よふかし,N1
5604,細やか,こまやか,N1
5605,,インターフォン,N1
5606,,カムバック,N1
5607,座標,ざひょう,N1
5608,逆立ち,さかだち,N1
5609,城下,じょうか,N1
5610,規範,きはん,N1
5611,お巡りさん,おまわりさん,N1
5612,直ぐ,すぐ,N1
5613,養護,ようご,N1
5614,,デモンストレーション,N1
5615,顎,あご,N1
5616,,カンニング,N1
5617,一頃,ひところ,N1
5618,雫,しずく,N1
5619,歩,ふ,N1
5620,仕舞,しまい,N1
5621,,びり,N1
5622,冊,さつ,N1
5623,奴,やっこ,N1
5624,参上,さんじょう,N1
5625,ローマ字,ローマじ,N1
5626,,モーテル,N1
5627,勘弁,かんべん,N1
5628,嘴,はし,N1
5629,,ナンセンス,N1
5630,,オリエンテーション,N1
5631,書き取り,かきとり,N1
5632,密か,ひそか,N1
5633,手回し,てまわし,N1
5634,出来物,できもの,N1
5635,茶の湯,ちゃのゆ,N1
5636,敵,かたき,N1
5637,拝啓,はいけい,N1
5638,,あやふや,N1
5639,,ノイローゼ,N1
5640,目論見,もくろみ,N1
5641,,テレックス,N1
5642,,トランジスター,N1
5643,,ストライキ,N1
5644,窮乏,きゅうぼう,N1
5645,,ボイコット,N1
5646,云々,うんぬん,N1
5647,,ずるずる,N1
5648,,ちやほや,N1
5649,対辺,たいへん,N1
5650,火燵,こたつ,N1
5651,化合,かごう,N1
5652,目方,めかた,N1
5653,爽やか,さわやか,N1
5654,受身,うけみ,N1
5655,転回,てんかい,N1
5656,弁償,べんしょう,N1
5657,お宮,おみや,N1
5658,,がっくり,N1
5659,毎,ごと,N1
5660,釣鐘,つりがね,N1
5661,昼飯,ちゅうはん,N1
5662,諦め,あきらめ,N1
5663,,ぞんざい,N1
5664,持ち切り,もちきり,N1
5665,盛装,せいそう,N1
5666,,げっそり,N1
5667,思い付き,おもいつき,N1
5668,戸締り,とじまり,N1
5669,偏,へん,N1
5670,中程,なかほど,N1
5671,一別,いちべつ,N1
5672,殿,しんがり,N1
5673,点線,てんせん,N1
5674,暗算,あんざん,N1
5675,為来り,しきたり,N1
5676,,ぶかぶか,N1
5677,干し物,ほしもの,N1
5678,体付き,からだつき,N1
5679,尻尾,しっぽ,N1
5680,先先月,せんせんげつ,N1
5681,感無量,かんむりょう,N1
5682,厳か,おごそか,N1
5683,雅致,がち,N1
5684,錆び,さび,N1
5685,其方,そちら,N1
5686,絨毯,じゅうたん,N1
5687,旧事,くじ,N1
5688,何れ何れ,どれどれ,N1
5689,短気,たんき,N1
5690,給仕,きゅうじ,N1
5691,発条,ばね,N1
5692,鉄棒,かなぼう,N1
5693,当て字,あてじ,N1
5694,悪戯,いたずら,N1
5695,憂鬱,ゆううつ,N1
5696,修飾,しゅうしょく,N1
5697,中腹,ちゅうっぱら,N1
5698,焦げ茶,こげちゃ,N1
5699,気立て,きだて,N1
5700,仏,ふつ,N1
5701,結び付き,むすびつき,N1
5702,介抱,かいほう,N1
5703,助詞,じょし,N1
5704,,ふんだん,N1
5705,,ビールス,N1
5706,甥,おい,N1
5707,近眼,きんがん,N1
5708,嘘つき,うそつき,N1
5709,束の間,つかのま,N1
5710,下番,かばん,N1
5711,間柄,あいだがら,N1
5712,世辞,せじ,N1
5713,見せ物,みせもの,N1
5714,裸足,はだし,N1
5715,,タイピスト,N1
5716,吃驚,びっくり,N1
5717,亜科,あか,N1
5718,鋸,のこぎり,N1
5719,お襁褓,おむつ,N1
5720,瞬き,またたき,N1
5721,準急,じゅんきゅう,N1
5722,蛋白質,たんぱくしつ,N1
5723,溜まり,たまり,N1
5724,割り算,わりざん,N1
5725,沈殿,ちんでん,N1
5726,,あべこべ,N1
5727,概説,がいせつ,N1
5728,全快,ぜんかい,N1
5729,群集,ぐんしゅう,N1
5730,掌,てのひら,N1
5731,坊ちゃん,ぼっちゃん,N1
5732,宝器,ほうき,N1
5733,,ミスプリント,N1
5734,佳句,かく,N1
5735,お喋り,おしゃべり,N1
5736,ねじ回し,ねじまわし,N1
5737,,だぶだぶ,N1
5738,お蔭,おかげ,N1
5739,筈,はず,N1
5740,異見,いけん,N1
5741,善し悪し,よしあし,N1
5742,駄作,ださく,N1
5743,言伝,ことづて,N1
5744,加留多,かるた,N1
5745,転任,てんにん,N1
5746,荷造り,にづくり,N1
5747,共稼ぎ,ともかせぎ,N1
5748,,ぼつぼつ,N1
5749,蒸留,じょうりゅう,N1
5750,華奢,きゃしゃ,N1
5751,明々後日,しあさって,N1
5752,ご無沙汰,ごぶさた,N1
5753,吹奏,すいそう,N1
5754,婿,むこ,N1
5755,ご馳走,ごちそう,N1
5756,麻痺,まひ,N1
5757,唾,つば,N1
5758,棟,とう,N1
5759,目蓋,まぶた,N1
5760,滅茶苦茶,めちゃくちゃ,N1
5761,講読,こうどく,N1
5762,圏,けん,N1
5763,葦,あし,N1
5764,彼処,あそこ,N1
5765,頬っぺた,ほっぺた,N1
5766,軽蔑,けいべつ,N1
5767,僅,きん,N1
5768,焚火,たきび,N1
5769,艶,えん,N1
5770,鉄片,てっぺん,N1
5771,駆けっこ,かけっこ,N1
5772,我がまま,わがまま,N1
5773,控室,ひかえしつ,N1
5774,腹立ち,はらだち,N1
5775,洒落,しゃらく,N1
5776,化繊,かせん,N1
5777,朝寝坊,あさねぼう,N1
5778,畜生,ちくしょう,N1
5779,一昨昨日,さきおとつい,N1
5780,ずぶ濡れ,ずぶぬれ,N1
5781,貫禄,かんろく,N1
5782,夜更け,よふけ,N1
5783,先先週,せんせんしゅう,N1
5784,俄か,にわか,N1
5785,饂飩,うどん,N1
5786,骨董品,こっとうひん,N1
5787,お祖父さん,おじいさん,N1
5788,目眩,めまい,N1
5789,敬具,けいぐ,N1
5790,空ろ,うつろ,N1
5791,臆病,おくびょう,N1
5792,助動詞,じょどうし,N1
5793,黴菌,ばいきん,N1
5794,接続詞,せつぞくし,N1
5795,斑,ぶち,N1
5796,灰汁,あく,N1
5797,団扇,うちわ,N1
5798,纏め,まとめ,N1
5799,気障,きざ,N1
5800,傑,けつ,N1
5801,余所見,よそみ,N1
5802,疎か,おろそか,N1
5803,布巾,ふきん,N1
5804,垢,あか,N1
5805,微塵,みじん,N1
5806,苛々,いらいら,N1
5807,夜具,やぐ,N1
5808,他動詞,たどうし,N1
5809,箇条書き,かじょうがき,N1
5810,丁々,とうとう,N1
5811,鋏,はさみ,N1
5812,吝嗇,りんしょく,N1
5813,詫び,わび,N1
5814,稲光,いなびかり,N1
5815,お祖母さん,おばあさん,N1
5816,塵取り,ちりとり,N1
5817,彼方此方,あちこち,N1
5818,粗筋,あらすじ,N1
5819,皺,しわ,N1
5820,几帳面,きちょうめん,N1
5821,咄嗟,とっさ,N1
5822,自動詞,じどうし,N1
5823,自惚れ,うぬぼれ,N1
5824,謝絶,しゃぜつ,N1
5825,尉,じょう,N1
5826,些事,さじ,N1
5827,屎尿,しにょう,N1
5828,下吏,かり,N1
5829,其処ら,そこら,N1
5830,吊り革,つりかわ,N1
5831,卯,う,N1
5832,辻褄,つじつま,N1
5833,金槌,かなづち,N1
5834,弛み,たるみ,N1
5835,数詞,すうし,N1
5836,吃逆,しゃっくり,N1
5837,踵,かかと,N1
5838,梢,こずえ,N1
5839,面皰,にきび,N1
5840,じゃん拳,じゃんけん,N1
5841,出鱈目,でたらめ,N1
5842,婉曲,えんきょく,N1
5843,藁,わら,N1
5844,捕吏,ほり,N1
5845,歎,たん,N1
5846,檻,おり,N1
5847,臍,へそ,N1
5848,清濁,せいだく,N1
5849,躾,しつけ,N1
5850,鼾,いびき,N1
5851,藍褸,ぼろ,N1
5852,擦れ違い,すれちがい,N1
5853,手筈,てはず,N1
5854,厭々,いやいや,N1
5855,嚏,くさめ,N1
5856,纏まり,まとまり,N1
5857,籤引,くじびき,N1
5858,月賦,げっぷ,N1
5859,伜,せがれ,N1
5860,含嗽,がんそう,N1
